,Date,MeanTemp
45587,2007-11-01,16.15
45588,2007-11-02,20.45
45589,2007-11-03,18.549999999999997
45590,2007-11-04,14.4
45591,2007-11-05,11.850000000000001
45592,2007-11-06,11.549999999999999
45593,2007-11-07,12.149999999999999
45594,2007-11-08,12.65
45595,2007-11-09,14.15
45596,2007-11-10,15.600000000000001
45597,2007-11-11,17.15
45598,2007-11-12,17.9
45599,2007-11-13,19.0
45600,2007-11-14,21.5
45601,2007-11-15,20.65
45602,2007-11-16,22.25
45603,2007-11-17,22.5
45604,2007-11-18,20.85
45605,2007-11-19,22.349999999999998
45606,2007-11-20,24.5
45607,2007-11-21,24.35
45608,2007-11-22,17.9
45609,2007-11-23,15.65
45610,2007-11-24,18.15
45611,2007-11-25,21.9
45612,2007-11-26,21.25
45613,2007-11-27,17.75
45614,2007-11-28,20.45
45615,2007-11-29,19.7
45616,2007-11-30,18.85
45617,2007-12-01,17.75
45618,2007-12-02,18.95
45619,2007-12-03,20.4
45620,2007-12-04,19.9
45621,2007-12-05,18.15
45622,2007-12-06,21.55
45623,2007-12-07,21.5
45624,2007-12-08,22.35
45625,2007-12-09,22.2
45626,2007-12-10,19.85
45627,2007-12-11,15.15
45628,2007-12-12,16.6
45629,2007-12-13,14.95
45630,2007-12-14,18.0
45631,2007-12-15,20.0
45632,2007-12-16,18.3
45633,2007-12-17,16.25
45634,2007-12-18,14.2
45635,2007-12-19,16.9
45636,2007-12-20,17.85
45637,2007-12-21,22.15
45638,2007-12-22,20.95
45639,2007-12-23,14.799999999999999
45640,2007-12-24,18.4
45641,2007-12-25,16.5
45642,2007-12-26,18.05
45643,2007-12-27,20.5
45644,2007-12-28,21.7
45645,2007-12-29,23.0
45646,2007-12-30,25.2
45647,2007-12-31,23.65
45648,2008-01-01,23.900000000000002
45649,2008-01-02,24.65
45650,2008-01-03,19.65
45651,2008-01-04,21.0
45652,2008-01-05,19.8
45653,2008-01-06,24.200000000000003
45654,2008-01-07,25.2
45655,2008-01-08,23.4
45656,2008-01-09,23.7
45657,2008-01-10,24.450000000000003
45658,2008-01-11,26.65
45659,2008-01-12,28.3
45660,2008-01-13,25.4
45661,2008-01-14,19.4
45662,2008-01-15,24.599999999999998
45663,2008-01-16,25.55
45664,2008-01-17,20.15
45665,2008-01-18,17.75
45666,2008-01-19,17.450000000000003
45667,2008-01-20,20.95
45668,2008-01-21,17.9
45669,2008-01-22,16.25
45670,2008-01-23,17.15
45671,2008-01-24,19.05
45672,2008-01-25,20.55
45673,2008-01-26,20.75
45674,2008-01-27,22.25
45675,2008-01-28,24.25
45676,2008-01-29,25.9
45677,2008-01-30,26.45
45678,2008-01-31,22.700000000000003
45679,2008-02-01,19.9
45680,2008-02-02,21.85
45681,2008-02-03,23.35
45682,2008-02-04,20.4
45683,2008-02-05,19.8
45684,2008-02-06,20.5
45685,2008-02-07,19.35
45686,2008-02-08,16.15
45687,2008-02-09,15.649999999999999
45688,2008-02-10,16.1
45689,2008-02-11,17.45
45690,2008-02-12,19.35
45691,2008-02-13,15.399999999999999
45692,2008-02-14,16.4
45693,2008-02-15,18.0
45694,2008-02-16,18.65
45695,2008-02-17,18.1
45696,2008-02-18,18.3
45697,2008-02-19,19.25
45698,2008-02-20,20.45
45699,2008-02-21,20.55
45700,2008-02-22,20.65
45701,2008-02-23,18.9
45702,2008-02-24,17.9
45703,2008-02-25,18.7
45704,2008-02-26,20.6
45705,2008-02-27,19.65
45706,2008-02-28,16.05
45707,2008-02-29,13.049999999999999
45708,2008-03-01,13.100000000000001
45709,2008-03-02,15.899999999999999
45710,2008-03-03,17.8
45711,2008-03-04,19.15
45712,2008-03-05,19.8
45713,2008-03-06,22.35
45714,2008-03-07,20.0
45715,2008-03-08,18.45
45716,2008-03-09,19.95
45717,2008-03-10,22.1
45718,2008-03-11,24.3
45719,2008-03-12,22.5
45720,2008-03-13,23.15
45721,2008-03-14,23.049999999999997
45722,2008-03-15,24.5
45723,2008-03-16,21.799999999999997
45724,2008-03-17,20.95
45725,2008-03-18,21.2
45726,2008-03-19,20.65
45727,2008-03-20,20.4
45728,2008-03-21,13.9
45729,2008-03-22,15.600000000000001
45730,2008-03-23,18.85
45731,2008-03-24,18.95
45732,2008-03-25,15.25
45733,2008-03-26,16.4
45734,2008-03-27,11.350000000000001
45735,2008-03-28,11.3
45736,2008-03-29,12.8
45737,2008-03-30,11.549999999999999
45738,2008-03-31,14.2
45739,2008-04-01,12.65
45740,2008-04-02,14.3
45741,2008-04-03,10.65
45742,2008-04-04,9.649999999999999
45743,2008-04-05,12.299999999999999
45744,2008-04-06,13.850000000000001
45745,2008-04-07,14.3
45746,2008-04-08,12.899999999999999
45747,2008-04-09,12.55
45748,2008-04-10,15.049999999999999
45749,2008-04-11,15.25
45750,2008-04-12,15.100000000000001
45751,2008-04-13,13.45
45752,2008-04-14,11.8
45753,2008-04-15,13.05
45754,2008-04-16,12.8
45755,2008-04-17,13.15
45756,2008-04-18,13.8
45757,2008-04-19,12.25
45758,2008-04-20,13.399999999999999
45759,2008-04-21,11.5
45760,2008-04-22,12.25
45761,2008-04-23,13.25
45762,2008-04-24,11.85
45763,2008-04-25,12.95
45764,2008-04-26,12.75
45765,2008-04-27,13.3
45766,2008-04-28,7.800000000000001
45767,2008-04-29,5.8500000000000005
45768,2008-04-30,6.5
45769,2008-05-01,8.8
45770,2008-05-02,9.700000000000001
45771,2008-05-03,8.8
45772,2008-05-04,7.8999999999999995
45773,2008-05-05,9.7
45774,2008-05-06,12.15
45775,2008-05-07,12.950000000000001
45776,2008-05-08,8.950000000000001
45777,2008-05-09,10.55
45778,2008-05-10,11.2
45779,2008-05-11,12.85
45780,2008-05-12,14.3
45781,2008-05-13,10.15
45782,2008-05-14,10.4
45783,2008-05-15,8.75
45784,2008-05-16,10.25
45785,2008-05-17,10.100000000000001
45786,2008-05-18,9.2
45787,2008-05-19,7.700000000000001
45788,2008-05-20,8.65
45789,2008-05-21,10.6
45790,2008-05-22,8.549999999999999
45791,2008-05-23,8.0
45792,2008-05-24,7.85
45793,2008-05-25,8.6
45794,2008-05-26,11.6
45795,2008-05-27,11.5
45796,2008-05-28,9.1
45797,2008-05-29,9.85
45798,2008-05-30,8.95
45799,2008-05-31,8.8
45800,2008-06-01,7.3
45801,2008-06-02,10.149999999999999
45802,2008-06-03,12.100000000000001
45803,2008-06-04,12.85
45804,2008-06-05,11.45
45805,2008-06-06,10.55
45806,2008-06-07,7.65
45807,2008-06-08,9.4
45808,2008-06-09,11.850000000000001
45809,2008-06-10,11.149999999999999
45810,2008-06-11,12.6
45811,2008-06-12,11.85
45812,2008-06-13,10.85
45813,2008-06-14,6.4
45814,2008-06-15,8.4
45815,2008-06-16,11.649999999999999
45816,2008-06-17,10.45
45817,2008-06-18,7.95
45818,2008-06-19,9.95
45819,2008-06-20,10.05
45820,2008-06-21,7.15
45821,2008-06-22,9.1
45822,2008-06-23,6.9
45823,2008-06-24,6.9
45824,2008-06-25,8.45
45825,2008-06-26,9.05
45826,2008-06-27,8.9
45827,2008-06-28,6.65
45828,2008-06-29,8.6
45829,2008-06-30,7.95
45830,2008-07-01,8.5
45831,2008-07-02,9.85
45832,2008-07-03,4.95
45833,2008-07-04,4.45
45834,2008-07-05,7.05
45835,2008-07-06,6.7
45836,2008-07-07,7.05
45837,2008-07-08,6.2
45838,2008-07-09,3.7500000000000004
45839,2008-07-10,5.25
45840,2008-07-11,5.65
45841,2008-07-12,4.25
45842,2008-07-13,5.75
45843,2008-07-14,9.6
45844,2008-07-15,5.95
45845,2008-07-16,5.95
45846,2008-07-17,4.85
45847,2008-07-18,5.95
45848,2008-07-19,7.0
45849,2008-07-20,4.95
45850,2008-07-21,6.949999999999999
45851,2008-07-22,4.699999999999999
45852,2008-07-23,3.8499999999999996
45853,2008-07-24,5.6
45854,2008-07-25,5.4
45855,2008-07-26,4.65
45856,2008-07-27,3.6999999999999997
45857,2008-07-28,4.55
45858,2008-07-29,6.5
45859,2008-07-30,4.699999999999999
45860,2008-07-31,5.65
45861,2008-08-01,6.35
45862,2008-08-02,7.95
45863,2008-08-03,7.550000000000001
45864,2008-08-04,5.15
45865,2008-08-05,4.5
45866,2008-08-06,9.45
45867,2008-08-07,5.25
45868,2008-08-08,7.8
45869,2008-08-09,3.3499999999999996
45870,2008-08-10,2.05
45871,2008-08-11,4.5
45872,2008-08-12,5.25
45873,2008-08-13,7.25
45874,2008-08-14,6.3999999999999995
45875,2008-08-15,9.649999999999999
45876,2008-08-16,8.95
45877,2008-08-17,5.1499999999999995
45878,2008-08-18,4.55
45879,2008-08-19,3.9
45880,2008-08-20,7.0
45881,2008-08-21,8.25
45882,2008-08-22,5.8
45883,2008-08-23,6.949999999999999
45884,2008-08-24,5.35
45885,2008-08-25,6.6499999999999995
45886,2008-08-26,7.9
45887,2008-08-27,5.9
45888,2008-08-28,7.3
45889,2008-08-29,8.0
45890,2008-08-30,8.4
45891,2008-08-31,11.649999999999999
45892,2008-09-01,9.45
45893,2008-09-02,8.4
45894,2008-09-03,7.65
45895,2008-09-04,8.350000000000001
45896,2008-09-05,9.1
45897,2008-09-06,11.200000000000001
45898,2008-09-07,7.8999999999999995
45899,2008-09-08,7.85
45900,2008-09-09,5.5
45901,2008-09-10,6.25
45902,2008-09-11,7.050000000000001
45903,2008-09-12,10.55
45904,2008-09-13,17.25
45905,2008-09-14,16.25
45906,2008-09-15,14.2
45907,2008-09-16,8.549999999999999
45908,2008-09-17,7.3999999999999995
45909,2008-09-18,9.55
45910,2008-09-19,14.2
45911,2008-09-20,15.4
45912,2008-09-21,12.1
45913,2008-09-22,12.549999999999999
45914,2008-09-23,12.0
45915,2008-09-24,9.85
45916,2008-09-25,10.95
45917,2008-09-26,11.7
45918,2008-09-27,16.1
45919,2008-09-28,19.35
45920,2008-09-29,11.899999999999999
45921,2008-09-30,9.55
45922,2008-10-01,11.0
45923,2008-10-02,16.6
45924,2008-10-03,22.85
45925,2008-10-04,17.55
45926,2008-10-05,15.8
45927,2008-10-06,14.6
45928,2008-10-07,8.15
45929,2008-10-08,9.2
45930,2008-10-09,10.25
45931,2008-10-10,13.3
45932,2008-10-11,15.299999999999999
45933,2008-10-12,14.2
45934,2008-10-13,16.400000000000002
45935,2008-10-14,16.5
45936,2008-10-15,14.4
45937,2008-10-16,12.7
45938,2008-10-17,14.55
45939,2008-10-18,15.7
45940,2008-10-19,18.4
45941,2008-10-20,19.35
45942,2008-10-21,14.8
45943,2008-10-22,9.2
45944,2008-10-23,10.6
45945,2008-10-24,10.799999999999999
45946,2008-10-25,14.4
45947,2008-10-26,17.0
45948,2008-10-27,19.85
45949,2008-10-28,17.75
45950,2008-10-29,16.2
45951,2008-10-30,19.7
45952,2008-10-31,21.25
45953,2008-11-01,15.55
45954,2008-11-02,18.35
45955,2008-11-03,18.35
45956,2008-11-04,14.75
45957,2008-11-05,14.2
45958,2008-11-06,16.15
45959,2008-11-07,14.55
45960,2008-11-08,15.55
45961,2008-11-09,14.7
45962,2008-11-10,19.3
45963,2008-11-11,19.2
45964,2008-11-12,20.75
45965,2008-11-13,21.3
45966,2008-11-14,23.6
45967,2008-11-15,21.5
45968,2008-11-16,15.9
45969,2008-11-17,17.1
45970,2008-11-18,17.35
45971,2008-11-19,18.9
45972,2008-11-20,18.5
45973,2008-11-21,16.65
45974,2008-11-22,10.1
45975,2008-11-23,10.5
45976,2008-11-24,15.5
45977,2008-11-25,14.9
45978,2008-11-26,15.45
45979,2008-11-27,18.85
45980,2008-11-28,19.75
45981,2008-11-29,19.35
45982,2008-11-30,14.9
45983,2008-12-01,19.4
45984,2008-12-02,15.05
45985,2008-12-03,17.35
45986,2008-12-04,17.799999999999997
45987,2008-12-05,22.05
45988,2008-12-06,21.15
45989,2008-12-07,21.55
45990,2008-12-08,19.25
45991,2008-12-09,19.1
45992,2008-12-10,19.2
45993,2008-12-11,18.0
45994,2008-12-12,17.2
45995,2008-12-13,18.1
45996,2008-12-14,15.8
45997,2008-12-15,17.1
45998,2008-12-16,16.5
45999,2008-12-17,17.5
46000,2008-12-18,19.2
46001,2008-12-19,14.85
46002,2008-12-20,14.2
46003,2008-12-21,16.950000000000003
46004,2008-12-22,19.95
46005,2008-12-23,21.05
46006,2008-12-24,17.049999999999997
46007,2008-12-25,19.9
46008,2008-12-26,22.5
46009,2008-12-27,21.700000000000003
46010,2008-12-28,21.45
46011,2008-12-29,19.6
46012,2008-12-30,16.7
46013,2008-12-31,18.75
46014,2009-01-01,19.85
46015,2009-01-02,18.25
46016,2009-01-03,18.05
46017,2009-01-04,20.6
46018,2009-01-05,22.85
46019,2009-01-06,22.55
46020,2009-01-07,24.2
46021,2009-01-08,21.6
46022,2009-01-09,16.45
46023,2009-01-10,16.45
46024,2009-01-11,19.4
46025,2009-01-12,20.55
46026,2009-01-13,24.799999999999997
46027,2009-01-14,26.55
46028,2009-01-15,27.75
46029,2009-01-16,22.0
46030,2009-01-17,16.45
46031,2009-01-18,18.6
46032,2009-01-19,22.3
46033,2009-01-20,24.599999999999998
46034,2009-01-21,25.4
46035,2009-01-22,24.45
46036,2009-01-23,25.0
46037,2009-01-24,23.549999999999997
46038,2009-01-25,21.4
46039,2009-01-26,22.2
46040,2009-01-27,24.450000000000003
46041,2009-01-28,26.099999999999998
46042,2009-01-29,27.75
46043,2009-01-30,26.8
46044,2009-01-31,26.950000000000003
46045,2009-02-01,25.45
46046,2009-02-02,25.85
46047,2009-02-03,24.25
46048,2009-02-04,25.599999999999998
46049,2009-02-05,28.049999999999997
46050,2009-02-06,30.3
46051,2009-02-07,30.2
46052,2009-02-08,30.55
46053,2009-02-09,21.65
46054,2009-02-10,18.15
46055,2009-02-11,17.049999999999997
46056,2009-02-12,13.55
46057,2009-02-13,14.700000000000001
46058,2009-02-14,14.25
46059,2009-02-15,17.45
46060,2009-02-16,16.85
46061,2009-02-17,15.5
46062,2009-02-18,20.1
46063,2009-02-19,21.25
46064,2009-02-20,20.6
46065,2009-02-21,20.1
46066,2009-02-22,19.6
46067,2009-02-23,22.15
46068,2009-02-24,21.75
46069,2009-02-25,22.4
46070,2009-02-26,18.6
46071,2009-02-27,22.45
46072,2009-02-28,24.25
46073,2009-03-01,22.25
46074,2009-03-02,21.2
46075,2009-03-03,21.25
46076,2009-03-04,19.55
46077,2009-03-05,16.65
46078,2009-03-06,14.3
46079,2009-03-07,18.55
46080,2009-03-08,18.55
46081,2009-03-09,20.299999999999997
46082,2009-03-10,20.05
46083,2009-03-11,19.75
46084,2009-03-12,22.1
46085,2009-03-13,21.25
46086,2009-03-14,20.3
46087,2009-03-15,16.4
46088,2009-03-16,14.100000000000001
46089,2009-03-17,14.1
46090,2009-03-18,17.45
46091,2009-03-19,18.65
46092,2009-03-20,19.5
46093,2009-03-21,19.55
46094,2009-03-22,20.2
46095,2009-03-23,20.8
46096,2009-03-24,21.75
46097,2009-03-25,22.5
46098,2009-03-26,20.4
46099,2009-03-27,19.25
46100,2009-03-28,20.25
46101,2009-03-29,19.45
46102,2009-03-30,17.25
46103,2009-03-31,18.15
46104,2009-04-01,18.15
46105,2009-04-02,19.0
46106,2009-04-03,21.55
46107,2009-04-04,17.3
46108,2009-04-05,16.55
46109,2009-04-06,14.2
46110,2009-04-07,14.15
46111,2009-04-08,14.3
46112,2009-04-09,16.1
46113,2009-04-10,15.2
46114,2009-04-11,15.8
46115,2009-04-12,17.7
46116,2009-04-13,14.899999999999999
46117,2009-04-14,17.2
46118,2009-04-15,15.7
46119,2009-04-16,10.95
46120,2009-04-17,11.75
46121,2009-04-18,13.850000000000001
46122,2009-04-19,13.0
46123,2009-04-20,13.05
46124,2009-04-21,13.7
46125,2009-04-22,12.600000000000001
46126,2009-04-23,14.6
46127,2009-04-24,11.9
46128,2009-04-25,12.65
46129,2009-04-26,9.45
46130,2009-04-27,8.100000000000001
46131,2009-04-28,10.35
46132,2009-04-29,7.4
46133,2009-04-30,9.75
46134,2009-05-01,8.65
46135,2009-05-02,9.55
46136,2009-05-03,11.45
46137,2009-05-04,10.25
46138,2009-05-05,11.350000000000001
46139,2009-05-06,10.55
46140,2009-05-07,8.35
46141,2009-05-08,10.200000000000001
46142,2009-05-09,10.1
46143,2009-05-10,10.25
46144,2009-05-11,8.5
46145,2009-05-12,9.1
46146,2009-05-13,7.6499999999999995
46147,2009-05-14,9.5
46148,2009-05-15,12.100000000000001
46149,2009-05-16,13.25
46150,2009-05-17,8.3
46151,2009-05-18,8.55
46152,2009-05-19,10.85
46153,2009-05-20,11.65
46154,2009-05-21,11.850000000000001
46155,2009-05-22,12.85
46156,2009-05-23,13.850000000000001
46157,2009-05-24,13.3
46158,2009-05-25,12.3
46159,2009-05-26,9.65
46160,2009-05-27,13.100000000000001
46161,2009-05-28,8.799999999999999
46162,2009-05-29,7.75
46163,2009-05-30,7.45
46164,2009-05-31,9.600000000000001
46165,2009-06-01,9.649999999999999
46166,2009-06-02,10.95
46167,2009-06-03,11.75
46168,2009-06-04,10.1
46169,2009-06-05,12.6
46170,2009-06-06,7.1
46171,2009-06-07,8.0
46172,2009-06-08,9.6
46173,2009-06-09,6.9
46174,2009-06-10,5.800000000000001
46175,2009-06-11,1.6
46176,2009-06-12,0.9499999999999997
46177,2009-06-13,6.05
46178,2009-06-14,6.25
46179,2009-06-15,6.6499999999999995
46180,2009-06-16,7.2
46181,2009-06-17,8.15
46182,2009-06-18,6.0
46183,2009-06-19,6.800000000000001
46184,2009-06-20,7.55
46185,2009-06-21,10.85
46186,2009-06-22,8.5
46187,2009-06-23,7.5
46188,2009-06-24,6.45
46189,2009-06-25,6.55
46190,2009-06-26,7.8
46191,2009-06-27,10.35
46192,2009-06-28,11.0
46193,2009-06-29,9.65
46194,2009-06-30,12.4
46195,2009-07-01,10.2
46196,2009-07-02,8.65
46197,2009-07-03,7.949999999999999
46198,2009-07-04,7.4
46199,2009-07-05,7.1000000000000005
46200,2009-07-06,2.9000000000000004
46201,2009-07-07,3.95
46202,2009-07-08,4.5
46203,2009-07-09,6.7
46204,2009-07-10,7.1499999999999995
46205,2009-07-11,8.35
46206,2009-07-12,10.1
46207,2009-07-13,8.8
46208,2009-07-14,7.35
46209,2009-07-15,4.75
46210,2009-07-16,4.45
46211,2009-07-17,7.1
46212,2009-07-18,4.2
46213,2009-07-19,6.55
46214,2009-07-20,7.6000000000000005
46215,2009-07-21,7.75
46216,2009-07-22,10.8
46217,2009-07-23,7.699999999999999
46218,2009-07-24,3.9499999999999997
46219,2009-07-25,4.75
46220,2009-07-26,5.0
46221,2009-07-27,5.5
46222,2009-07-28,7.1
46223,2009-07-29,8.8
46224,2009-07-30,6.5
46225,2009-07-31,8.05
46226,2009-08-01,5.6499999999999995
46227,2009-08-02,4.85
46228,2009-08-03,8.55
46229,2009-08-04,6.3500000000000005
46230,2009-08-05,5.55
46231,2009-08-06,9.55
46232,2009-08-07,10.5
46233,2009-08-08,4.5
46234,2009-08-09,4.25
46235,2009-08-10,5.8
46236,2009-08-11,9.1
46237,2009-08-12,7.2
46238,2009-08-13,10.0
46239,2009-08-14,7.9
46240,2009-08-15,8.15
46241,2009-08-16,6.8
46242,2009-08-17,9.649999999999999
46243,2009-08-18,5.65
46244,2009-08-19,6.8999999999999995
46245,2009-08-20,10.6
46246,2009-08-21,7.25
46247,2009-08-22,8.55
46248,2009-08-23,13.549999999999999
46249,2009-08-24,13.2
46250,2009-08-25,8.2
46251,2009-08-26,7.550000000000001
46252,2009-08-27,10.4
46253,2009-08-28,10.15
46254,2009-08-29,12.2
46255,2009-08-30,8.5
46256,2009-08-31,9.25
46257,2009-09-01,10.3
46258,2009-09-02,6.9
46259,2009-09-03,9.350000000000001
46260,2009-09-04,12.649999999999999
46261,2009-09-05,7.4
46262,2009-09-06,5.800000000000001
46263,2009-09-07,6.95
46264,2009-09-08,7.9
46265,2009-09-09,7.8999999999999995
46266,2009-09-10,9.95
46267,2009-09-11,8.0
46268,2009-09-12,13.5
46269,2009-09-13,14.85
46270,2009-09-14,13.8
46271,2009-09-15,11.65
46272,2009-09-16,11.850000000000001
46273,2009-09-17,14.899999999999999
46274,2009-09-18,15.25
46275,2009-09-19,14.2
46276,2009-09-20,13.15
46277,2009-09-21,10.95
46278,2009-09-22,16.3
46279,2009-09-23,10.9
46280,2009-09-24,11.850000000000001
46281,2009-09-25,11.0
46282,2009-09-26,8.1
46283,2009-09-27,5.949999999999999
46284,2009-09-28,9.299999999999999
46285,2009-09-29,10.0
46286,2009-09-30,9.700000000000001
46287,2009-10-01,13.700000000000001
46288,2009-10-02,12.15
46289,2009-10-03,9.8
46290,2009-10-04,9.5
46291,2009-10-05,12.45
46292,2009-10-06,9.4
46293,2009-10-07,5.2
46294,2009-10-08,9.05
46295,2009-10-09,7.1
46296,2009-10-10,8.5
46297,2009-10-11,10.1
46298,2009-10-12,8.7
46299,2009-10-13,11.7
46300,2009-10-14,11.5
46301,2009-10-15,11.5
46302,2009-10-16,9.4
46303,2009-10-17,8.6
46304,2009-10-18,13.45
46305,2009-10-19,12.600000000000001
46306,2009-10-20,15.45
46307,2009-10-21,16.5
46308,2009-10-22,19.2
46309,2009-10-23,18.45
46310,2009-10-24,17.05
46311,2009-10-25,13.5
46312,2009-10-26,11.65
46313,2009-10-27,12.95
46314,2009-10-28,17.05
46315,2009-10-29,16.8
46316,2009-10-30,18.65
46317,2009-10-31,19.4
46318,2009-11-01,21.85
46319,2009-11-02,23.549999999999997
46320,2009-11-03,23.450000000000003
46321,2009-11-04,16.95
46322,2009-11-05,14.65
46323,2009-11-06,15.8
46324,2009-11-07,17.15
46325,2009-11-08,
46326,2009-11-09,
46327,2009-11-10,21.05
46328,2009-11-11,21.75
46329,2009-11-12,22.9
46330,2009-11-13,20.45
46331,2009-11-14,20.349999999999998
46332,2009-11-15,23.200000000000003
46333,2009-11-16,23.25
46334,2009-11-17,19.25
46335,2009-11-18,22.45
46336,2009-11-19,26.05
46337,2009-11-20,28.1
46338,2009-11-21,24.35
46339,2009-11-22,23.950000000000003
46340,2009-11-23,16.5
46341,2009-11-24,16.75
46342,2009-11-25,23.200000000000003
46343,2009-11-26,23.599999999999998
46344,2009-11-27,19.8
46345,2009-11-28,20.5
46346,2009-11-29,16.55
46347,2009-11-30,15.05
46348,2009-12-01,14.15
46349,2009-12-02,15.3
46350,2009-12-03,17.85
46351,2009-12-04,20.05
46352,2009-12-05,18.45
46353,2009-12-06,19.55
46354,2009-12-07,21.75
46355,2009-12-08,23.200000000000003
46356,2009-12-09,17.2
46357,2009-12-10,18.85
46358,2009-12-11,16.9
46359,2009-12-12,17.3
46360,2009-12-13,20.5
46361,2009-12-14,21.1
46362,2009-12-15,23.5
46363,2009-12-16,24.85
46364,2009-12-17,26.9
46365,2009-12-18,21.8
46366,2009-12-19,18.9
46367,2009-12-20,21.1
46368,2009-12-21,23.55
46369,2009-12-22,23.549999999999997
46370,2009-12-23,24.599999999999998
46371,2009-12-24,26.4
46372,2009-12-25,18.6
46373,2009-12-26,15.8
46374,2009-12-27,20.4
46375,2009-12-28,22.9
46376,2009-12-29,22.7
46377,2009-12-30,19.95
46378,2009-12-31,21.15
46379,2010-01-01,24.7
46380,2010-01-02,25.05
46381,2010-01-03,23.049999999999997
46382,2010-01-04,21.9
46383,2010-01-05,22.15
46384,2010-01-06,23.799999999999997
46385,2010-01-07,20.6
46386,2010-01-08,24.349999999999998
46387,2010-01-09,
46388,2010-01-10,
46389,2010-01-11,27.25
46390,2010-01-12,29.349999999999998
46391,2010-01-13,29.65
46392,2010-01-14,21.15
46393,2010-01-15,23.1
46394,2010-01-16,23.65
46395,2010-01-17,19.95
46396,2010-01-18,16.1
46397,2010-01-19,14.2
46398,2010-01-20,20.450000000000003
46399,2010-01-21,
46400,2010-01-22,
46401,2010-01-23,30.200000000000003
46402,2010-01-24,20.5
46403,2010-01-25,23.5
46404,2010-01-26,26.15
46405,2010-01-27,24.450000000000003
46406,2010-01-28,25.549999999999997
46407,2010-01-29,23.849999999999998
46408,2010-01-30,22.3
46409,2010-01-31,22.75
46410,2010-02-01,24.8
46411,2010-02-02,21.2
46412,2010-02-03,22.6
46413,2010-02-04,24.5
46414,2010-02-05,23.0
46415,2010-02-06,20.9
46416,2010-02-07,21.25
46417,2010-02-08,23.2
46418,2010-02-09,
46419,2010-02-10,25.299999999999997
46420,2010-02-11,25.0
46421,2010-02-12,25.5
46422,2010-02-13,18.15
46423,2010-02-14,19.8
46424,2010-02-15,20.049999999999997
46425,2010-02-16,20.15
46426,2010-02-17,19.65
46427,2010-02-18,17.75
46428,2010-02-19,18.2
46429,2010-02-20,19.75
46430,2010-02-21,22.549999999999997
46431,2010-02-22,23.9
46432,2010-02-23,22.1
46433,2010-02-24,17.65
46434,2010-02-25,18.8
46435,2010-02-26,17.65
46436,2010-02-27,20.6
46437,2010-02-28,21.65
46438,2010-03-01,16.8
46439,2010-03-02,14.850000000000001
46440,2010-03-03,17.0
46441,2010-03-04,18.1
46442,2010-03-05,17.85
46443,2010-03-06,22.2
46444,2010-03-07,22.15
46445,2010-03-08,21.049999999999997
46446,2010-03-09,18.85
46447,2010-03-10,15.0
46448,2010-03-11,14.0
46449,2010-03-12,15.7
46450,2010-03-13,16.4
46451,2010-03-14,16.0
46452,2010-03-15,16.75
46453,2010-03-16,18.25
46454,2010-03-17,18.7
46455,2010-03-18,19.55
46456,2010-03-19,18.5
46457,2010-03-20,19.65
46458,2010-03-21,20.7
46459,2010-03-22,15.75
46460,2010-03-23,17.2
46461,2010-03-24,17.35
46462,2010-03-25,19.45
46463,2010-03-26,18.9
46464,2010-03-27,18.1
46465,2010-03-28,20.8
46466,2010-03-29,19.9
46467,2010-03-30,18.5
46468,2010-03-31,16.8
46469,2010-04-01,14.850000000000001
46470,2010-04-02,13.9
46471,2010-04-03,15.0
46472,2010-04-04,14.2
46473,2010-04-05,14.35
46474,2010-04-06,15.1
46475,2010-04-07,17.1
46476,2010-04-08,18.35
46477,2010-04-09,14.5
46478,2010-04-10,15.350000000000001
46479,2010-04-11,16.65
46480,2010-04-12,11.8
46481,2010-04-13,10.25
46482,2010-04-14,11.2
46483,2010-04-15,12.799999999999999
46484,2010-04-16,14.649999999999999
46485,2010-04-17,15.45
46486,2010-04-18,16.9
46487,2010-04-19,17.05
46488,2010-04-20,17.2
46489,2010-04-21,15.55
46490,2010-04-22,16.349999999999998
46491,2010-04-23,15.5
46492,2010-04-24,15.950000000000001
46493,2010-04-25,14.899999999999999
46494,2010-04-26,9.2
46495,2010-04-27,8.35
46496,2010-04-28,10.75
46497,2010-04-29,13.450000000000001
46498,2010-04-30,11.55
46499,2010-05-01,12.65
46500,2010-05-02,11.45
46501,2010-05-03,12.15
46502,2010-05-04,14.55
46503,2010-05-05,11.2
46504,2010-05-06,10.75
46505,2010-05-07,9.3
46506,2010-05-08,9.85
46507,2010-05-09,10.5
46508,2010-05-10,10.149999999999999
46509,2010-05-11,9.75
46510,2010-05-12,6.2
46511,2010-05-13,6.1
46512,2010-05-14,8.35
46513,2010-05-15,8.3
46514,2010-05-16,7.5
46515,2010-05-17,9.850000000000001
46516,2010-05-18,8.2
46517,2010-05-19,7.6499999999999995
46518,2010-05-20,7.45
46519,2010-05-21,8.9
46520,2010-05-22,7.8
46521,2010-05-23,8.7
46522,2010-05-24,9.65
46523,2010-05-25,10.75
46524,2010-05-26,11.25
46525,2010-05-27,9.95
46526,2010-05-28,12.35
46527,2010-05-29,11.649999999999999
46528,2010-05-30,10.65
46529,2010-05-31,12.5
46530,2010-06-01,7.5
46531,2010-06-02,9.100000000000001
46532,2010-06-03,10.3
46533,2010-06-04,11.05
46534,2010-06-05,7.6000000000000005
46535,2010-06-06,6.2
46536,2010-06-07,5.55
46537,2010-06-08,6.6000000000000005
46538,2010-06-09,5.35
46539,2010-06-10,7.35
46540,2010-06-11,4.6
46541,2010-06-12,4.85
46542,2010-06-13,3.4
46543,2010-06-14,4.4
46544,2010-06-15,6.0
46545,2010-06-16,6.75
46546,2010-06-17,6.9
46547,2010-06-18,8.1
46548,2010-06-19,8.65
46549,2010-06-20,7.9
46550,2010-06-21,8.4
46551,2010-06-22,6.45
46552,2010-06-23,8.15
46553,2010-06-24,11.3
46554,2010-06-25,9.0
46555,2010-06-26,9.95
46556,2010-06-27,4.05
46557,2010-06-28,1.9500000000000002
46558,2010-06-29,3.0
46559,2010-06-30,3.5
46560,2010-07-01,5.0
46561,2010-07-02,1.7999999999999998
46562,2010-07-03,5.75
46563,2010-07-04,4.0
46564,2010-07-05,4.550000000000001
46565,2010-07-06,6.8500000000000005
46566,2010-07-07,4.699999999999999
46567,2010-07-08,5.05
46568,2010-07-09,6.5
46569,2010-07-10,7.3
46570,2010-07-11,10.1
46571,2010-07-12,5.95
46572,2010-07-13,8.4
46573,2010-07-14,8.7
46574,2010-07-15,6.4
46575,2010-07-16,4.3999999999999995
46576,2010-07-17,4.6
46577,2010-07-18,4.1499999999999995
46578,2010-07-19,5.05
46579,2010-07-20,4.4
46580,2010-07-21,3.9
46581,2010-07-22,4.15
46582,2010-07-23,6.85
46583,2010-07-24,5.8999999999999995
46584,2010-07-25,8.05
46585,2010-07-26,6.1
46586,2010-07-27,6.35
46587,2010-07-28,6.7
46588,2010-07-29,10.0
46589,2010-07-30,9.95
46590,2010-07-31,12.100000000000001
46591,2010-08-01,9.3
46592,2010-08-02,6.8999999999999995
46593,2010-08-03,9.2
46594,2010-08-04,4.8
46595,2010-08-05,7.9
46596,2010-08-06,4.3999999999999995
46597,2010-08-07,3.9
46598,2010-08-08,4.449999999999999
46599,2010-08-09,5.7
46600,2010-08-10,9.15
46601,2010-08-11,6.85
46602,2010-08-12,6.3500000000000005
46603,2010-08-13,6.5
46604,2010-08-14,8.3
46605,2010-08-15,9.899999999999999
46606,2010-08-16,8.65
46607,2010-08-17,5.0
46608,2010-08-18,4.15
46609,2010-08-19,9.1
46610,2010-08-20,7.9
46611,2010-08-21,7.8999999999999995
46612,2010-08-22,5.300000000000001
46613,2010-08-23,7.800000000000001
46614,2010-08-24,9.0
46615,2010-08-25,5.8500000000000005
46616,2010-08-26,5.95
46617,2010-08-27,8.4
46618,2010-08-28,5.5
46619,2010-08-29,7.35
46620,2010-08-30,8.45
46621,2010-08-31,7.75
46622,2010-09-01,11.6
46623,2010-09-02,12.65
46624,2010-09-03,9.7
46625,2010-09-04,12.2
46626,2010-09-05,10.25
46627,2010-09-06,8.7
46628,2010-09-07,6.6499999999999995
46629,2010-09-08,7.0
46630,2010-09-09,9.1
46631,2010-09-10,12.4
46632,2010-09-11,9.9
46633,2010-09-12,6.75
46634,2010-09-13,12.25
46635,2010-09-14,8.6
46636,2010-09-15,11.1
46637,2010-09-16,10.1
46638,2010-09-17,7.95
46639,2010-09-18,6.949999999999999
46640,2010-09-19,8.5
46641,2010-09-20,9.6
46642,2010-09-21,11.65
46643,2010-09-22,13.15
46644,2010-09-23,13.3
46645,2010-09-24,11.0
46646,2010-09-25,10.799999999999999
46647,2010-09-26,11.65
46648,2010-09-27,13.2
46649,2010-09-28,12.5
46650,2010-09-29,8.0
46651,2010-09-30,6.45
46652,2010-10-01,7.8999999999999995
46653,2010-10-02,11.35
46654,2010-10-03,14.3
46655,2010-10-04,14.75
46656,2010-10-05,14.9
46657,2010-10-06,17.15
46658,2010-10-07,15.149999999999999
46659,2010-10-08,10.100000000000001
46660,2010-10-09,13.7
46661,2010-10-10,13.35
46662,2010-10-11,12.5
46663,2010-10-12,13.4
46664,2010-10-13,15.25
46665,2010-10-14,16.049999999999997
46666,2010-10-15,14.05
46667,2010-10-16,7.300000000000001
46668,2010-10-17,10.3
46669,2010-10-18,9.450000000000001
46670,2010-10-19,9.7
46671,2010-10-20,14.45
46672,2010-10-21,13.95
46673,2010-10-22,15.0
46674,2010-10-23,14.6
46675,2010-10-24,12.55
46676,2010-10-25,11.5
46677,2010-10-26,12.75
46678,2010-10-27,15.25
46679,2010-10-28,14.399999999999999
46680,2010-10-29,14.65
46681,2010-10-30,17.45
46682,2010-10-31,19.2
46683,2010-11-01,12.95
46684,2010-11-02,12.649999999999999
46685,2010-11-03,11.25
46686,2010-11-04,10.850000000000001
46687,2010-11-05,10.65
46688,2010-11-06,10.65
46689,2010-11-07,14.05
46690,2010-11-08,16.8
46691,2010-11-09,16.3
46692,2010-11-10,17.25
46693,2010-11-11,19.85
46694,2010-11-12,19.9
46695,2010-11-13,20.35
46696,2010-11-14,21.0
46697,2010-11-15,20.25
46698,2010-11-16,14.75
46699,2010-11-17,15.299999999999999
46700,2010-11-18,15.149999999999999
46701,2010-11-19,15.45
46702,2010-11-20,14.7
46703,2010-11-21,17.15
46704,2010-11-22,16.75
46705,2010-11-23,17.1
46706,2010-11-24,18.6
46707,2010-11-25,19.5
46708,2010-11-26,18.9
46709,2010-11-27,18.8
46710,2010-11-28,17.4
46711,2010-11-29,13.899999999999999
46712,2010-11-30,14.35
46713,2010-12-01,16.65
46714,2010-12-02,19.85
46715,2010-12-03,17.9
46716,2010-12-04,20.85
46717,2010-12-05,19.4
46718,2010-12-06,19.1
46719,2010-12-07,21.3
46720,2010-12-08,22.299999999999997
46721,2010-12-09,22.25
46722,2010-12-10,19.15
46723,2010-12-11,15.9
46724,2010-12-12,18.1
46725,2010-12-13,15.55
46726,2010-12-14,18.9
46727,2010-12-15,20.25
46728,2010-12-16,19.3
46729,2010-12-17,17.25
46730,2010-12-18,16.65
46731,2010-12-19,13.25
46732,2010-12-20,12.25
46733,2010-12-21,14.45
46734,2010-12-22,15.2
46735,2010-12-23,18.6
46736,2010-12-24,17.65
46737,2010-12-25,18.85
46738,2010-12-26,20.75
46739,2010-12-27,20.0
46740,2010-12-28,14.55
46741,2010-12-29,18.25
46742,2010-12-30,21.25
46743,2010-12-31,23.15
46744,2011-01-01,24.5
46745,2011-01-02,24.4
46746,2011-01-03,17.700000000000003
46747,2011-01-04,17.4
46748,2011-01-05,19.35
46749,2011-01-06,17.200000000000003
46750,2011-01-07,18.2
46751,2011-01-08,22.7
46752,2011-01-09,18.75
46753,2011-01-10,22.15
46754,2011-01-11,19.700000000000003
46755,2011-01-12,22.299999999999997
46756,2011-01-13,22.1
46757,2011-01-14,21.75
46758,2011-01-15,25.35
46759,2011-01-16,23.75
46760,2011-01-17,23.25
46761,2011-01-18,19.7
46762,2011-01-19,21.3
46763,2011-01-20,20.65
46764,2011-01-21,21.45
46765,2011-01-22,23.6
46766,2011-01-23,21.9
46767,2011-01-24,23.200000000000003
46768,2011-01-25,24.05
46769,2011-01-26,26.299999999999997
46770,2011-01-27,26.45
46771,2011-01-28,22.9
46772,2011-01-29,21.65
46773,2011-01-30,22.4
46774,2011-01-31,26.65
46775,2011-02-01,26.65
46776,2011-02-02,28.35
46777,2011-02-03,26.549999999999997
46778,2011-02-04,26.8
46779,2011-02-05,26.2
46780,2011-02-06,20.1
46781,2011-02-07,15.45
46782,2011-02-08,17.8
46783,2011-02-09,17.6
46784,2011-02-10,17.95
46785,2011-02-11,21.200000000000003
46786,2011-02-12,20.1
46787,2011-02-13,20.1
46788,2011-02-14,16.6
46789,2011-02-15,16.95
46790,2011-02-16,18.1
46791,2011-02-17,22.549999999999997
46792,2011-02-18,22.0
46793,2011-02-19,22.85
46794,2011-02-20,21.4
46795,2011-02-21,18.0
46796,2011-02-22,16.15
46797,2011-02-23,16.3
46798,2011-02-24,19.75
46799,2011-02-25,19.950000000000003
46800,2011-02-26,20.55
46801,2011-02-27,19.200000000000003
46802,2011-02-28,20.3
46803,2011-03-01,20.05
46804,2011-03-02,15.85
46805,2011-03-03,17.15
46806,2011-03-04,14.649999999999999
46807,2011-03-05,15.6
46808,2011-03-06,15.8
46809,2011-03-07,15.25
46810,2011-03-08,17.5
46811,2011-03-09,19.25
46812,2011-03-10,18.6
46813,2011-03-11,19.7
46814,2011-03-12,20.55
46815,2011-03-13,21.1
46816,2011-03-14,21.0
46817,2011-03-15,19.25
46818,2011-03-16,21.25
46819,2011-03-17,20.3
46820,2011-03-18,16.85
46821,2011-03-19,18.2
46822,2011-03-20,17.85
46823,2011-03-21,17.1
46824,2011-03-22,20.15
46825,2011-03-23,18.25
46826,2011-03-24,15.75
46827,2011-03-25,16.7
46828,2011-03-26,15.05
46829,2011-03-27,13.899999999999999
46830,2011-03-28,13.6
46831,2011-03-29,16.6
46832,2011-03-30,17.3
46833,2011-03-31,14.75
46834,2011-05-01,12.549999999999999
46835,2011-05-02,12.899999999999999
46836,2011-05-03,11.3
46837,2011-05-04,9.950000000000001
46838,2011-05-05,7.15
46839,2011-05-06,5.4
46840,2011-05-07,7.1
46841,2011-05-08,6.949999999999999
46842,2011-05-09,5.8
46843,2011-05-10,6.6
46844,2011-05-11,6.699999999999999
46845,2011-05-12,3.65
46846,2011-05-13,9.75
46847,2011-05-14,5.3
46848,2011-05-15,3.55
46849,2011-05-16,2.3
46850,2011-05-17,8.1
46851,2011-05-18,7.050000000000001
46852,2011-05-19,7.8500000000000005
46853,2011-05-20,6.15
46854,2011-05-21,7.6
46855,2011-05-22,10.55
46856,2011-05-23,10.85
46857,2011-05-24,11.45
46858,2011-05-25,9.600000000000001
46859,2011-05-26,6.3
46860,2011-05-27,6.4
46861,2011-05-28,5.9
46862,2011-05-29,8.1
46863,2011-05-30,8.55
46864,2011-05-31,13.25
46865,2011-06-01,9.7
46866,2011-06-02,11.8
46867,2011-06-03,9.5
46868,2011-06-04,8.8
46869,2011-06-05,3.9999999999999996
46870,2011-06-06,6.95
46871,2011-06-07,2.6
46872,2011-06-08,3.55
46873,2011-06-09,7.35
46874,2011-06-10,8.35
46875,2011-06-11,6.75
46876,2011-06-12,6.5
46877,2011-06-13,8.95
46878,2011-06-14,8.4
46879,2011-06-15,10.0
46880,2011-06-16,9.35
46881,2011-06-17,5.05
46882,2011-06-18,7.050000000000001
46883,2011-06-19,4.9
46884,2011-06-20,8.1
46885,2011-06-21,9.15
46886,2011-06-22,6.7
46887,2011-06-23,9.850000000000001
46888,2011-06-24,5.7
46889,2011-06-25,6.1
46890,2011-06-26,4.85
46891,2011-06-27,5.1
46892,2011-06-28,5.4
46893,2011-06-29,5.449999999999999
46894,2011-06-30,8.15
46895,2011-07-01,1.9500000000000002
46896,2011-07-02,4.15
46897,2011-07-03,6.950000000000001
46898,2011-07-04,9.1
46899,2011-07-05,6.65
46900,2011-07-06,7.55
46901,2011-07-07,6.95
46902,2011-07-08,2.3000000000000003
46903,2011-07-09,5.15
46904,2011-07-10,6.05
46905,2011-07-11,6.050000000000001
46906,2011-07-12,7.0
46907,2011-07-13,7.0
46908,2011-07-14,4.1000000000000005
46909,2011-07-15,2.9499999999999997
46910,2011-07-16,5.35
46911,2011-07-17,6.35
46912,2011-07-18,7.4
46913,2011-07-19,3.9000000000000004
46914,2011-07-20,8.05
46915,2011-07-21,7.6
46916,2011-07-22,8.4
46917,2011-07-23,5.95
46918,2011-07-24,1.2999999999999998
46919,2011-07-25,6.6000000000000005
46920,2011-07-26,9.3
46921,2011-07-27,5.2
46922,2011-07-28,4.449999999999999
46923,2011-07-29,3.55
46924,2011-07-30,4.5
46925,2011-07-31,6.7
46926,2011-08-01,7.45
46927,2011-08-02,9.200000000000001
46928,2011-08-03,11.6
46929,2011-08-04,10.55
46930,2011-08-05,9.15
46931,2011-08-06,10.2
46932,2011-08-07,7.5
46933,2011-08-08,4.95
46934,2011-08-09,5.5
46935,2011-08-10,5.0
46936,2011-08-11,7.7
46937,2011-08-12,8.6
46938,2011-08-13,5.25
46939,2011-08-14,8.25
46940,2011-08-15,6.5
46941,2011-08-16,11.6
46942,2011-08-17,8.0
46943,2011-08-18,7.9
46944,2011-08-19,9.8
46945,2011-08-20,9.200000000000001
46946,2011-08-21,9.5
46947,2011-08-22,6.8
46948,2011-08-23,9.9
46949,2011-08-24,8.8
46950,2011-08-25,8.0
46951,2011-08-26,10.950000000000001
46952,2011-08-27,10.2
46953,2011-08-28,9.950000000000001
46954,2011-08-29,10.25
46955,2011-08-30,9.95
46956,2011-08-31,8.7
46957,2011-09-01,10.85
46958,2011-09-02,9.4
46959,2011-09-03,7.6
46960,2011-09-04,9.65
46961,2011-09-05,13.75
46962,2011-09-06,10.450000000000001
46963,2011-09-07,6.9
46964,2011-09-08,6.9
46965,2011-09-09,8.45
46966,2011-09-10,4.4
46967,2011-09-11,6.7
46968,2011-09-12,5.95
46969,2011-09-13,5.7
46970,2011-09-14,9.25
46971,2011-09-15,9.65
46972,2011-09-16,11.299999999999999
46973,2011-09-17,12.4
46974,2011-09-18,15.600000000000001
46975,2011-09-19,15.600000000000001
46976,2011-09-20,14.700000000000001
46977,2011-09-21,11.75
46978,2011-09-22,9.6
46979,2011-09-23,13.35
46980,2011-09-24,11.649999999999999
46981,2011-09-25,9.65
46982,2011-09-26,8.5
46983,2011-09-27,9.75
46984,2011-09-28,10.0
46985,2011-09-29,11.2
46986,2011-09-30,10.1
46987,2011-10-01,7.1
46988,2011-10-02,8.299999999999999
46989,2011-10-03,8.35
46990,2011-10-04,10.15
46991,2011-10-05,9.2
46992,2011-10-06,11.65
46993,2011-10-07,13.75
46994,2011-10-08,14.7
46995,2011-10-09,11.15
46996,2011-10-10,10.7
46997,2011-10-11,10.7
46998,2011-10-12,9.05
46999,2011-10-13,14.25
47000,2011-10-14,14.5
47001,2011-10-15,18.25
47002,2011-10-16,13.399999999999999
47003,2011-10-17,11.0
47004,2011-10-18,11.75
47005,2011-10-19,14.45
47006,2011-10-20,15.45
47007,2011-10-21,16.400000000000002
47008,2011-10-22,16.95
47009,2011-10-23,18.85
47010,2011-10-24,19.75
47011,2011-10-25,12.5
47012,2011-10-26,11.0
47013,2011-10-27,13.05
47014,2011-10-28,17.25
47015,2011-10-29,18.4
47016,2011-10-30,13.700000000000001
47017,2011-10-31,12.75
47018,2011-11-01,16.45
47019,2011-11-02,15.0
47020,2011-11-03,16.549999999999997
47021,2011-11-04,15.25
47022,2011-11-05,17.05
47023,2011-11-06,20.3
47024,2011-11-07,22.35
47025,2011-11-08,21.15
47026,2011-11-09,21.5
47027,2011-11-10,18.7
47028,2011-11-11,14.450000000000001
47029,2011-11-12,18.05
47030,2011-11-13,17.45
47031,2011-11-14,21.9
47032,2011-11-15,18.9
47033,2011-11-16,14.8
47034,2011-11-17,17.55
47035,2011-11-18,20.35
47036,2011-11-19,22.25
47037,2011-11-20,18.5
47038,2011-11-21,14.5
47039,2011-11-22,13.75
47040,2011-11-23,15.3
47041,2011-11-24,14.0
47042,2011-11-25,13.2
47043,2011-11-26,19.15
47044,2011-11-27,18.9
47045,2011-11-28,18.450000000000003
47046,2011-11-29,23.1
47047,2011-11-30,18.15
47048,2011-12-01,13.149999999999999
47049,2011-12-02,14.6
47050,2011-12-03,15.95
47051,2011-12-04,15.600000000000001
47052,2011-12-05,11.15
47053,2011-12-06,11.1
47054,2011-12-07,13.7
47055,2011-12-08,16.95
47056,2011-12-09,16.1
47057,2011-12-10,18.799999999999997
47058,2011-12-11,18.55
47059,2011-12-12,17.7
47060,2011-12-13,16.299999999999997
47061,2011-12-14,13.1
47062,2011-12-15,17.4
47063,2011-12-16,16.5
47064,2011-12-17,18.75
47065,2011-12-18,17.1
47066,2011-12-19,18.45
47067,2011-12-20,18.75
47068,2011-12-21,18.0
47069,2011-12-22,19.75
47070,2011-12-23,20.0
47071,2011-12-24,20.5
47072,2011-12-25,19.95
47073,2011-12-26,19.299999999999997
47074,2011-12-27,18.05
47075,2011-12-28,17.8
47076,2011-12-29,18.2
47077,2011-12-30,16.9
47078,2011-12-31,17.3
47079,2012-01-01,21.25
47080,2012-01-02,23.1
47081,2012-01-03,25.450000000000003
47082,2012-01-04,23.3
47083,2012-01-05,21.75
47084,2012-01-06,19.45
47085,2012-01-07,18.65
47086,2012-01-08,21.200000000000003
47087,2012-01-09,19.25
47088,2012-01-10,16.4
47089,2012-01-11,15.5
47090,2012-01-12,12.15
47091,2012-01-13,16.15
47092,2012-01-14,19.450000000000003
47093,2012-01-15,16.5
47094,2012-01-16,18.95
47095,2012-01-17,19.9
47096,2012-01-18,21.3
47097,2012-01-19,22.6
47098,2012-01-20,22.5
47099,2012-01-21,21.45
47100,2012-01-22,19.1
47101,2012-01-23,18.200000000000003
47102,2012-01-24,18.25
47103,2012-01-25,19.25
47104,2012-01-26,21.85
47105,2012-01-27,20.3
47106,2012-01-28,22.8
47107,2012-01-29,21.4
47108,2012-01-30,23.3
47109,2012-01-31,20.95
47110,2012-02-01,16.15
47111,2012-02-02,14.149999999999999
47112,2012-02-03,15.049999999999999
47113,2012-02-04,20.9
47114,2012-02-05,20.8
47115,2012-02-06,20.95
47116,2012-02-07,18.1
47117,2012-02-08,18.8
47118,2012-02-09,19.0
47119,2012-02-10,20.3
47120,2012-02-11,16.45
47121,2012-02-12,17.8
47122,2012-02-13,18.299999999999997
47123,2012-02-14,20.25
47124,2012-02-15,18.1
47125,2012-02-16,19.55
47126,2012-02-17,19.65
47127,2012-02-18,18.85
47128,2012-02-19,21.450000000000003
47129,2012-02-20,19.15
47130,2012-02-21,18.6
47131,2012-02-22,18.75
47132,2012-02-23,18.75
47133,2012-02-24,20.95
47134,2012-02-25,20.7
47135,2012-02-26,20.35
47136,2012-02-27,19.950000000000003
47137,2012-02-28,20.1
47138,2012-02-29,18.2
47139,2012-03-01,17.45
47140,2012-03-02,14.850000000000001
47141,2012-03-03,14.75
47142,2012-03-04,17.9
47143,2012-03-05,16.9
47144,2012-03-06,18.0
47145,2012-03-07,12.75
47146,2012-03-08,14.95
47147,2012-03-09,16.65
47148,2012-03-10,16.5
47149,2012-03-11,18.75
47150,2012-03-12,17.4
47151,2012-03-13,18.8
47152,2012-03-14,19.55
47153,2012-03-15,19.55
47154,2012-03-16,19.15
47155,2012-03-17,19.25
47156,2012-03-18,14.2
47157,2012-03-19,15.6
47158,2012-03-20,15.9
47159,2012-03-21,16.85
47160,2012-03-22,15.049999999999999
47161,2012-03-23,12.85
47162,2012-03-24,12.1
47163,2012-03-25,11.049999999999999
47164,2012-03-26,15.850000000000001
47165,2012-03-27,14.35
47166,2012-03-28,15.9
47167,2012-03-29,14.850000000000001
47168,2012-03-30,15.399999999999999
47169,2012-03-31,15.8
47170,2012-04-01,16.5
47171,2012-04-02,15.8
47172,2012-04-03,17.0
47173,2012-04-04,18.549999999999997
47174,2012-04-05,18.85
47175,2012-04-06,18.7
47176,2012-04-07,16.65
47177,2012-04-08,14.75
47178,2012-04-09,9.5
47179,2012-04-10,7.55
47180,2012-04-11,10.200000000000001
47181,2012-04-12,9.9
47182,2012-04-13,11.65
47183,2012-04-14,9.55
47184,2012-04-15,13.049999999999999
47185,2012-04-16,14.05
47186,2012-04-17,13.05
47187,2012-04-18,16.15
47188,2012-04-19,18.35
47189,2012-04-20,15.4
47190,2012-04-21,16.25
47191,2012-04-22,14.0
47192,2012-04-23,13.45
47193,2012-04-24,8.95
47194,2012-04-25,9.55
47195,2012-04-26,9.75
47196,2012-04-27,10.5
47197,2012-04-28,11.649999999999999
47198,2012-04-29,9.85
47199,2012-04-30,7.6
47200,2012-05-01,9.6
47201,2012-05-02,7.6000000000000005
47202,2012-05-03,11.45
47203,2012-05-04,6.449999999999999
47204,2012-05-05,7.300000000000001
47205,2012-05-06,6.5
47206,2012-05-07,5.5
47207,2012-05-08,8.7
47208,2012-05-09,10.8
47209,2012-05-10,12.25
47210,2012-05-11,14.25
47211,2012-05-12,7.25
47212,2012-05-13,8.8
47213,2012-05-14,4.65
47214,2012-05-15,5.45
47215,2012-05-16,5.8999999999999995
47216,2012-05-17,7.050000000000001
47217,2012-05-18,5.999999999999999
47218,2012-05-19,5.85
47219,2012-05-20,7.750000000000001
47220,2012-05-21,8.6
47221,2012-05-22,5.95
47222,2012-05-23,7.500000000000001
47223,2012-05-24,6.25
47224,2012-05-25,8.25
47225,2012-05-26,8.2
47226,2012-05-27,7.55
47227,2012-05-28,5.75
47228,2012-05-29,6.55
47229,2012-05-30,5.8
47230,2012-05-31,8.799999999999999
47231,2012-06-01,6.5
47232,2012-06-02,7.7
47233,2012-06-03,11.25
47234,2012-06-04,7.35
47235,2012-06-05,7.45
47236,2012-06-06,8.2
47237,2012-06-07,4.3
47238,2012-06-08,3.5
47239,2012-06-09,4.65
47240,2012-06-10,4.65
47241,2012-06-11,5.4
47242,2012-06-12,7.9
47243,2012-06-13,8.9
47244,2012-06-14,9.600000000000001
47245,2012-06-15,10.5
47246,2012-06-16,5.3500000000000005
47247,2012-06-17,8.2
47248,2012-06-18,6.55
47249,2012-06-19,6.8500000000000005
47250,2012-06-20,2.35
47251,2012-06-21,6.5
47252,2012-06-22,9.149999999999999
47253,2012-06-23,4.55
47254,2012-06-24,6.15
47255,2012-06-25,6.2
47256,2012-06-26,4.2
47257,2012-06-27,6.55
47258,2012-06-28,6.5
47259,2012-06-29,8.6
47260,2012-06-30,7.9
47261,2012-07-01,5.6
47262,2012-07-02,5.1
47263,2012-07-03,3.1
47264,2012-07-04,2.7
47265,2012-07-05,3.25
47266,2012-07-06,4.0
47267,2012-07-07,3.3499999999999996
47268,2012-07-08,3.8999999999999995
47269,2012-07-09,4.85
47270,2012-07-10,3.3500000000000005
47271,2012-07-11,9.05
47272,2012-07-12,7.1
47273,2012-07-13,11.850000000000001
47274,2012-07-14,10.05
47275,2012-07-15,7.45
47276,2012-07-16,8.899999999999999
47277,2012-07-17,8.65
47278,2012-07-18,8.15
47279,2012-07-19,4.300000000000001
47280,2012-07-20,4.8999999999999995
47281,2012-07-21,5.05
47282,2012-07-22,5.8
47283,2012-07-23,7.55
47284,2012-07-24,5.3999999999999995
47285,2012-07-25,6.4
47286,2012-07-26,8.45
47287,2012-07-27,4.8999999999999995
47288,2012-07-28,6.4
47289,2012-07-29,5.55
47290,2012-07-30,3.6499999999999995
47291,2012-07-31,5.8
47292,2012-08-01,7.05
47293,2012-08-02,2.95
47294,2012-08-03,6.5
47295,2012-08-04,7.3500000000000005
47296,2012-08-05,7.8
47297,2012-08-06,7.85
47298,2012-08-07,4.15
47299,2012-08-08,7.1000000000000005
47300,2012-08-09,9.2
47301,2012-08-10,4.65
47302,2012-08-11,7.65
47303,2012-08-12,9.3
47304,2012-08-13,5.7
47305,2012-08-14,4.300000000000001
47306,2012-08-15,7.3999999999999995
47307,2012-08-16,5.9
47308,2012-08-17,5.1499999999999995
47309,2012-08-18,7.1499999999999995
47310,2012-08-19,5.25
47311,2012-08-20,4.7
47312,2012-08-21,6.0
47313,2012-08-22,8.35
47314,2012-08-23,8.65
47315,2012-08-24,6.25
47316,2012-08-25,7.300000000000001
47317,2012-08-26,8.5
47318,2012-08-27,4.9
47319,2012-08-28,5.0
47320,2012-08-29,7.050000000000001
47321,2012-08-30,7.5
47322,2012-08-31,6.25
47323,2012-09-01,3.85
47324,2012-09-02,5.9
47325,2012-09-03,7.950000000000001
47326,2012-09-04,9.7
47327,2012-09-05,10.45
47328,2012-09-06,12.65
47329,2012-09-07,9.15
47330,2012-09-08,10.35
47331,2012-09-09,9.15
47332,2012-09-10,8.700000000000001
47333,2012-09-11,8.25
47334,2012-09-12,10.1
47335,2012-09-13,7.75
47336,2012-09-14,6.3999999999999995
47337,2012-09-15,6.8500000000000005
47338,2012-09-16,9.6
47339,2012-09-17,11.25
47340,2012-09-18,12.7
47341,2012-09-19,10.200000000000001
47342,2012-09-20,14.2
47343,2012-09-21,12.25
47344,2012-09-22,10.15
47345,2012-09-23,11.200000000000001
47346,2012-09-24,7.549999999999999
47347,2012-09-25,7.7
47348,2012-09-26,14.350000000000001
47349,2012-09-27,13.3
47350,2012-09-28,14.15
47351,2012-09-29,10.25
47352,2012-09-30,8.5
47353,2012-10-01,8.0
47354,2012-10-02,10.450000000000001
47355,2012-10-03,12.0
47356,2012-10-04,14.0
47357,2012-10-05,16.55
47358,2012-10-06,12.85
47359,2012-10-07,8.75
47360,2012-10-08,10.5
47361,2012-10-09,9.7
47362,2012-10-10,8.8
47363,2012-10-11,6.9
47364,2012-10-12,8.65
47365,2012-10-13,7.6
47366,2012-10-14,10.100000000000001
47367,2012-10-15,12.7
47368,2012-10-16,15.75
47369,2012-10-17,15.45
47370,2012-10-18,13.15
47371,2012-10-19,15.3
47372,2012-10-20,15.75
47373,2012-10-21,13.3
47374,2012-10-22,9.25
47375,2012-10-23,9.700000000000001
47376,2012-10-24,11.649999999999999
47377,2012-10-25,15.7
47378,2012-10-26,12.25
47379,2012-10-27,10.4
47380,2012-10-28,12.0
47381,2012-10-29,14.75
47382,2012-10-30,16.05
47383,2012-10-31,17.15
47384,2012-11-01,16.2
47385,2012-11-02,11.3
47386,2012-11-03,13.4
47387,2012-11-04,15.75
47388,2012-11-05,18.8
47389,2012-11-06,21.65
47390,2012-11-07,17.700000000000003
47391,2012-11-08,18.1
47392,2012-11-09,16.1
47393,2012-11-10,13.1
47394,2012-11-11,11.85
47395,2012-11-12,15.0
47396,2012-11-13,17.35
47397,2012-11-14,15.95
47398,2012-11-15,18.6
47399,2012-11-16,17.5
47400,2012-11-17,15.4
47401,2012-11-18,16.15
47402,2012-11-19,12.4
47403,2012-11-20,12.950000000000001
47404,2012-11-21,17.099999999999998
47405,2012-11-22,17.45
47406,2012-11-23,18.25
47407,2012-11-24,19.4
47408,2012-11-25,21.4
47409,2012-11-26,20.35
47410,2012-11-27,20.1
47411,2012-11-28,19.95
47412,2012-11-29,24.950000000000003
47413,2012-11-30,26.55
47414,2013-01-01,20.3
47415,2013-01-02,21.05
47416,2013-01-03,22.15
47417,2013-01-04,23.95
47418,2013-01-05,27.8
47419,2013-01-06,27.1
47420,2013-01-07,25.45
47421,2013-01-08,27.5
47422,2013-01-09,21.0
47423,2013-01-10,19.85
47424,2013-01-11,23.55
47425,2013-01-12,25.55
47426,2013-01-13,22.450000000000003
47427,2013-01-14,15.5
47428,2013-01-15,17.15
47429,2013-01-16,22.35
47430,2013-01-17,24.15
47431,2013-01-18,27.8
47432,2013-01-19,21.4
47433,2013-01-20,22.35
47434,2013-01-21,25.5
47435,2013-01-22,24.95
47436,2013-01-23,21.1
47437,2013-01-24,23.65
47438,2013-01-25,23.05
47439,2013-01-26,27.1
47440,2013-01-27,23.6
47441,2013-01-28,22.1
47442,2013-01-29,21.45
47443,2013-01-30,22.85
47444,2013-01-31,22.5
47445,2013-03-01,15.850000000000001
47446,2013-03-02,15.05
47447,2013-03-03,18.15
47448,2013-03-04,16.75
47449,2013-03-05,18.85
47450,2013-03-06,17.65
47451,2013-03-07,20.1
47452,2013-03-08,18.05
47453,2013-03-09,19.4
47454,2013-03-10,21.85
47455,2013-03-11,20.4
47456,2013-03-12,21.4
47457,2013-03-13,19.85
47458,2013-03-14,21.75
47459,2013-03-15,22.15
47460,2013-03-16,21.95
47461,2013-03-17,14.45
47462,2013-03-18,12.7
47463,2013-03-19,13.649999999999999
47464,2013-03-20,15.950000000000001
47465,2013-03-21,17.6
47466,2013-03-22,18.65
47467,2013-03-23,16.35
47468,2013-03-24,15.85
47469,2013-03-25,15.7
47470,2013-03-26,18.4
47471,2013-03-27,19.5
47472,2013-03-28,20.65
47473,2013-03-29,13.100000000000001
47474,2013-03-30,13.55
47475,2013-03-31,13.299999999999999
47476,2013-04-01,14.9
47477,2013-04-02,13.55
47478,2013-04-03,13.5
47479,2013-04-04,11.75
47480,2013-04-05,15.9
47481,2013-04-06,13.5
47482,2013-04-07,14.8
47483,2013-04-08,14.299999999999999
47484,2013-04-09,14.3
47485,2013-04-10,15.95
47486,2013-04-11,15.45
47487,2013-04-12,17.5
47488,2013-04-13,15.049999999999999
47489,2013-04-14,16.349999999999998
47490,2013-04-15,16.95
47491,2013-04-16,15.2
47492,2013-04-17,12.35
47493,2013-04-18,15.2
47494,2013-04-19,10.85
47495,2013-04-20,12.549999999999999
47496,2013-04-21,9.3
47497,2013-04-22,12.399999999999999
47498,2013-04-23,11.450000000000001
47499,2013-04-24,8.4
47500,2013-04-25,9.35
47501,2013-04-26,13.7
47502,2013-04-27,11.850000000000001
47503,2013-04-28,17.5
47504,2013-04-29,13.950000000000001
47505,2013-04-30,16.95
47506,2013-05-01,13.25
47507,2013-05-02,8.7
47508,2013-05-03,9.65
47509,2013-05-04,15.350000000000001
47510,2013-05-05,7.4
47511,2013-05-06,8.1
47512,2013-05-07,10.9
47513,2013-05-08,13.850000000000001
47514,2013-05-09,11.45
47515,2013-05-10,12.3
47516,2013-05-11,12.05
47517,2013-05-12,12.3
47518,2013-05-13,10.75
47519,2013-05-14,7.45
47520,2013-05-15,6.95
47521,2013-05-16,11.2
47522,2013-05-17,10.4
47523,2013-05-18,5.5
47524,2013-05-19,6.000000000000001
47525,2013-05-20,6.15
47526,2013-05-21,10.95
47527,2013-05-22,4.55
47528,2013-05-23,8.95
47529,2013-05-24,8.25
47530,2013-05-25,6.050000000000001
47531,2013-05-26,3.4999999999999996
47532,2013-05-27,6.6
47533,2013-05-28,9.8
47534,2013-05-29,9.7
47535,2013-05-30,10.549999999999999
47536,2013-05-31,12.2
47537,2013-06-01,10.95
47538,2013-06-02,11.2
47539,2013-06-03,5.1
47540,2013-06-04,6.6499999999999995
47541,2013-06-05,6.3
47542,2013-06-06,8.4
47543,2013-06-07,10.9
47544,2013-06-08,5.949999999999999
47545,2013-06-09,6.6
47546,2013-06-10,6.45
47547,2013-06-11,9.15
47548,2013-06-12,5.7
47549,2013-06-13,9.9
47550,2013-06-14,10.85
47551,2013-06-15,10.35
47552,2013-06-16,7.5
47553,2013-06-17,6.1499999999999995
47554,2013-06-18,6.3500000000000005
47555,2013-06-19,7.25
47556,2013-06-20,4.3
47557,2013-06-21,4.550000000000001
47558,2013-06-22,3.4499999999999997
47559,2013-06-23,4.65
47560,2013-06-24,7.55
47561,2013-06-25,9.7
47562,2013-06-26,10.15
47563,2013-06-27,7.8500000000000005
47564,2013-06-28,9.6
47565,2013-06-29,10.0
47566,2013-06-30,7.9
47567,2013-07-01,6.0
47568,2013-07-02,4.25
47569,2013-07-03,5.85
47570,2013-07-04,5.0
47571,2013-07-05,9.15
47572,2013-07-06,8.1
47573,2013-07-07,6.65
47574,2013-07-08,6.15
47575,2013-07-09,5.199999999999999
47576,2013-07-10,7.8
47577,2013-07-11,7.95
47578,2013-07-12,7.8
47579,2013-07-13,8.15
47580,2013-07-14,5.9
47581,2013-07-15,9.95
47582,2013-07-16,11.65
47583,2013-07-17,12.100000000000001
47584,2013-07-18,10.0
47585,2013-07-19,10.45
47586,2013-07-20,8.35
47587,2013-07-21,5.1499999999999995
47588,2013-07-22,5.35
47589,2013-07-23,8.2
47590,2013-07-24,7.5
47591,2013-07-25,3.6500000000000004
47592,2013-07-26,5.15
47593,2013-07-27,5.300000000000001
47594,2013-07-28,5.8999999999999995
47595,2013-07-29,8.75
47596,2013-07-30,12.15
47597,2013-07-31,9.45
47598,2013-08-01,6.25
47599,2013-08-02,7.050000000000001
47600,2013-08-03,8.25
47601,2013-08-04,9.15
47602,2013-08-05,8.649999999999999
47603,2013-08-06,8.6
47604,2013-08-07,5.1
47605,2013-08-08,7.8500000000000005
47606,2013-08-09,4.0
47607,2013-08-10,10.85
47608,2013-08-11,7.0
47609,2013-08-12,6.95
47610,2013-08-13,9.149999999999999
47611,2013-08-14,11.649999999999999
47612,2013-08-15,8.0
47613,2013-08-16,7.200000000000001
47614,2013-08-17,8.65
47615,2013-08-18,11.0
47616,2013-08-19,8.7
47617,2013-08-20,5.199999999999999
47618,2013-08-21,6.8
47619,2013-08-22,7.3
47620,2013-08-23,9.15
47621,2013-08-24,11.3
47622,2013-08-25,9.399999999999999
47623,2013-08-26,6.95
47624,2013-08-27,10.100000000000001
47625,2013-08-28,10.05
47626,2013-08-29,11.05
47627,2013-08-30,14.3
47628,2013-08-31,10.8
47629,2013-09-01,10.65
47630,2013-09-02,13.049999999999999
47631,2013-09-03,13.450000000000001
47632,2013-09-04,12.5
47633,2013-09-05,13.600000000000001
47634,2013-09-06,14.450000000000001
47635,2013-09-07,15.35
47636,2013-09-08,11.85
47637,2013-09-09,13.200000000000001
47638,2013-09-10,15.399999999999999
47639,2013-09-11,11.2
47640,2013-09-12,10.35
47641,2013-09-13,5.95
47642,2013-09-14,12.7
47643,2013-09-15,13.15
47644,2013-09-16,10.95
47645,2013-09-17,12.350000000000001
47646,2013-09-18,14.5
47647,2013-09-19,10.25
47648,2013-09-20,8.4
47649,2013-09-21,9.15
47650,2013-09-22,9.100000000000001
47651,2013-09-23,12.6
47652,2013-09-24,14.65
47653,2013-09-25,14.95
47654,2013-09-26,11.850000000000001
47655,2013-09-27,9.6
47656,2013-09-28,9.25
47657,2013-09-29,10.95
47658,2013-09-30,13.2
47659,2013-10-01,15.35
47660,2013-10-02,10.7
47661,2013-10-03,11.5
47662,2013-10-04,8.5
47663,2013-10-05,10.4
47664,2013-10-06,14.8
47665,2013-10-07,11.549999999999999
47666,2013-10-08,10.4
47667,2013-10-09,13.200000000000001
47668,2013-10-10,17.55
47669,2013-10-11,12.799999999999999
47670,2013-10-12,12.25
47671,2013-10-13,14.5
47672,2013-10-14,8.55
47673,2013-10-15,8.399999999999999
47674,2013-10-16,12.200000000000001
47675,2013-10-17,17.45
47676,2013-10-18,8.55
47677,2013-10-19,12.649999999999999
47678,2013-10-20,14.85
47679,2013-10-21,18.95
47680,2013-10-22,17.95
47681,2013-10-23,17.7
47682,2013-10-24,11.95
47683,2013-10-25,8.35
47684,2013-10-26,10.700000000000001
47685,2013-10-27,10.95
47686,2013-10-28,16.6
47687,2013-10-29,13.2
47688,2013-10-30,11.350000000000001
47689,2013-10-31,13.950000000000001
47690,2013-11-01,17.549999999999997
47691,2013-11-02,16.05
47692,2013-11-03,15.9
47693,2013-11-04,8.55
47694,2013-11-05,11.6
47695,2013-11-06,14.35
47696,2013-11-07,18.0
47697,2013-11-08,20.95
47698,2013-11-09,17.55
47699,2013-11-10,10.4
47700,2013-11-11,10.5
47701,2013-11-12,16.25
47702,2013-11-13,12.1
47703,2013-11-14,13.5
47704,2013-11-15,13.850000000000001
47705,2013-11-16,14.65
47706,2013-11-17,12.85
47707,2013-11-18,13.65
47708,2013-11-19,16.05
47709,2013-11-20,18.35
47710,2013-11-21,19.6
47711,2013-11-22,19.45
47712,2013-11-23,15.05
47713,2013-11-24,14.1
47714,2013-11-25,14.0
47715,2013-11-26,12.899999999999999
47716,2013-11-27,16.15
47717,2013-11-28,20.1
47718,2013-11-29,17.75
47719,2013-11-30,14.8
47720,2013-12-01,15.7
47721,2013-12-02,18.6
47722,2013-12-03,20.85
47723,2013-12-04,23.65
47724,2013-12-05,14.649999999999999
47725,2013-12-06,12.4
47726,2013-12-07,13.4
47727,2013-12-08,17.4
47728,2013-12-09,22.8
47729,2013-12-10,19.2
47730,2013-12-11,14.45
47731,2013-12-12,15.7
47732,2013-12-13,17.2
47733,2013-12-14,19.05
47734,2013-12-15,20.15
47735,2013-12-16,21.05
47736,2013-12-17,21.4
47737,2013-12-18,22.85
47738,2013-12-19,23.9
47739,2013-12-20,25.8
47740,2013-12-21,24.25
47741,2013-12-22,27.5
47742,2013-12-23,23.3
47743,2013-12-24,17.15
47744,2013-12-25,18.45
47745,2013-12-26,19.4
47746,2013-12-27,20.25
47747,2013-12-28,23.200000000000003
47748,2013-12-29,22.549999999999997
47749,2013-12-30,21.85
47750,2013-12-31,21.0
47751,2014-01-01,18.5
47752,2014-01-02,21.65
47753,2014-01-03,26.35
47754,2014-01-04,21.05
47755,2014-01-05,17.55
47756,2014-01-06,18.85
47757,2014-01-07,18.05
47758,2014-01-08,17.1
47759,2014-01-09,17.55
47760,2014-01-10,20.35
47761,2014-01-11,22.5
47762,2014-01-12,24.85
47763,2014-01-13,22.2
47764,2014-01-14,24.65
47765,2014-01-15,27.200000000000003
47766,2014-01-16,27.65
47767,2014-01-17,25.450000000000003
47768,2014-01-18,27.2
47769,2014-01-19,23.849999999999998
47770,2014-01-20,21.75
47771,2014-01-21,23.450000000000003
47772,2014-01-22,19.3
47773,2014-01-23,18.9
47774,2014-01-24,19.1
47775,2014-01-25,17.55
47776,2014-01-26,16.55
47777,2014-01-27,19.2
47778,2014-01-28,22.5
47779,2014-01-29,25.2
47780,2014-01-30,24.950000000000003
47781,2014-01-31,26.55
47782,2014-02-01,26.549999999999997
47783,2014-02-02,27.45
47784,2014-02-03,26.599999999999998
47785,2014-02-04,20.299999999999997
47786,2014-02-05,16.0
47787,2014-02-06,21.2
47788,2014-02-07,21.950000000000003
47789,2014-02-08,24.5
47790,2014-02-09,25.950000000000003
47791,2014-02-10,24.45
47792,2014-02-11,26.1
47793,2014-02-12,24.1
47794,2014-02-13,21.299999999999997
47795,2014-02-14,22.799999999999997
47796,2014-02-15,19.450000000000003
47797,2014-02-16,22.15
47798,2014-02-17,18.45
47799,2014-02-18,22.05
47800,2014-02-19,23.0
47801,2014-02-20,15.8
47802,2014-02-21,15.649999999999999
47803,2014-02-22,19.75
47804,2014-02-23,19.15
47805,2014-02-24,19.9
47806,2014-02-25,21.45
47807,2014-02-26,21.4
47808,2014-02-27,17.15
47809,2014-02-28,16.049999999999997
47810,2014-03-01,16.95
47811,2014-03-02,19.0
47812,2014-03-03,17.8
47813,2014-03-04,20.9
47814,2014-03-05,18.3
47815,2014-03-06,20.05
47816,2014-03-07,20.4
47817,2014-03-08,18.6
47818,2014-03-09,19.8
47819,2014-03-10,18.8
47820,2014-03-11,20.1
47821,2014-03-12,21.05
47822,2014-03-13,18.6
47823,2014-03-14,20.0
47824,2014-03-15,17.65
47825,2014-03-16,16.200000000000003
47826,2014-03-17,14.95
47827,2014-03-18,17.1
47828,2014-03-19,18.0
47829,2014-03-20,20.3
47830,2014-03-21,18.25
47831,2014-03-22,18.8
47832,2014-03-23,19.85
47833,2014-03-24,14.4
47834,2014-03-25,17.3
47835,2014-03-26,16.6
47836,2014-03-27,17.95
47837,2014-03-28,17.45
47838,2014-03-29,17.25
47839,2014-03-30,16.65
47840,2014-03-31,16.15
47841,2014-04-01,16.9
47842,2014-04-02,17.15
47843,2014-04-03,16.45
47844,2014-04-04,14.15
47845,2014-04-05,15.15
47846,2014-04-06,15.05
47847,2014-04-07,13.149999999999999
47848,2014-04-08,15.45
47849,2014-04-09,16.0
47850,2014-04-10,16.25
47851,2014-04-11,17.700000000000003
47852,2014-04-12,15.85
47853,2014-04-13,13.3
47854,2014-04-14,12.850000000000001
47855,2014-04-15,11.4
47856,2014-04-16,12.399999999999999
47857,2014-04-17,12.1
47858,2014-04-18,11.6
47859,2014-04-19,10.35
47860,2014-04-20,8.4
47861,2014-04-21,9.95
47862,2014-04-22,12.1
47863,2014-04-23,13.5
47864,2014-04-24,13.950000000000001
47865,2014-04-25,10.25
47866,2014-04-26,13.2
47867,2014-04-27,10.2
47868,2014-04-28,14.05
47869,2014-04-29,13.25
47870,2014-04-30,14.25
47871,2014-05-01,8.0
47872,2014-05-02,7.1000000000000005
47873,2014-05-03,7.699999999999999
47874,2014-05-04,9.4
47875,2014-05-05,6.6000000000000005
47876,2014-05-06,7.949999999999999
47877,2014-05-07,8.7
47878,2014-05-08,7.1000000000000005
47879,2014-05-09,7.799999999999999
47880,2014-05-10,9.2
47881,2014-05-11,12.95
47882,2014-05-12,10.950000000000001
47883,2014-05-13,9.149999999999999
47884,2014-05-14,8.85
47885,2014-05-15,8.4
47886,2014-05-16,10.5
47887,2014-05-17,9.9
47888,2014-05-18,11.15
47889,2014-05-19,11.75
47890,2014-05-20,11.0
47891,2014-05-21,11.05
47892,2014-05-22,10.65
47893,2014-05-23,14.05
47894,2014-05-24,14.600000000000001
47895,2014-05-25,12.75
47896,2014-05-26,13.649999999999999
47897,2014-05-27,13.9
47898,2014-05-28,11.55
47899,2014-05-29,8.65
47900,2014-05-30,9.05
47901,2014-05-31,9.450000000000001
47902,2014-06-01,10.8
47903,2014-06-02,10.4
47904,2014-06-03,10.3
47905,2014-06-04,9.9
47906,2014-06-05,10.55
47907,2014-06-06,10.25
47908,2014-06-07,6.0
47909,2014-06-08,5.75
47910,2014-06-09,9.4
47911,2014-06-10,8.25
47912,2014-06-11,6.3999999999999995
47913,2014-06-12,7.65
47914,2014-06-13,5.8500000000000005
47915,2014-06-14,10.0
47916,2014-06-15,10.3
47917,2014-06-16,4.95
47918,2014-06-17,9.9
47919,2014-06-18,5.65
47920,2014-06-19,6.25
47921,2014-06-20,9.6
47922,2014-06-21,6.0
47923,2014-06-22,6.75
47924,2014-06-23,5.7
47925,2014-06-24,5.8
47926,2014-06-25,7.55
47927,2014-06-26,10.2
47928,2014-06-27,9.6
47929,2014-06-28,8.15
47930,2014-06-29,6.550000000000001
47931,2014-06-30,5.75
47932,2014-07-01,4.05
47933,2014-07-02,2.7
47934,2014-07-03,6.3
47935,2014-07-04,4.9
47936,2014-07-05,5.2
47937,2014-07-06,8.100000000000001
47938,2014-07-07,4.6
47939,2014-07-08,3.6499999999999995
47940,2014-07-09,1.0499999999999998
47941,2014-07-10,6.0
47942,2014-07-11,7.85
47943,2014-07-12,7.4
47944,2014-07-13,3.6
47945,2014-07-14,4.8999999999999995
47946,2014-07-15,5.55
47947,2014-07-16,9.15
47948,2014-07-17,8.5
47949,2014-07-18,7.4
47950,2014-07-19,5.0
47951,2014-07-20,3.6
47952,2014-07-21,4.65
47953,2014-07-22,6.7
47954,2014-07-23,5.8500000000000005
47955,2014-07-24,4.3
47956,2014-07-25,7.3999999999999995
47957,2014-07-26,6.85
47958,2014-07-27,5.199999999999999
47959,2014-07-28,5.3
47960,2014-07-29,9.0
47961,2014-07-30,12.600000000000001
47962,2014-07-31,12.649999999999999
47963,2014-08-01,6.65
47964,2014-08-02,3.0
47965,2014-08-03,2.5999999999999996
47966,2014-08-04,3.6500000000000004
47967,2014-08-05,3.1000000000000005
47968,2014-08-06,3.5000000000000004
47969,2014-08-07,5.0
47970,2014-08-08,4.5
47971,2014-08-09,4.4
47972,2014-08-10,7.85
47973,2014-08-11,2.9
47974,2014-08-12,4.55
47975,2014-08-13,5.35
47976,2014-08-14,4.75
47977,2014-08-15,6.6000000000000005
47978,2014-08-16,7.0
47979,2014-08-17,8.7
47980,2014-08-18,10.95
47981,2014-08-19,11.45
47982,2014-08-20,6.449999999999999
47983,2014-08-21,6.45
47984,2014-08-22,8.200000000000001
47985,2014-08-23,7.6499999999999995
47986,2014-08-24,11.45
47987,2014-08-25,8.25
47988,2014-08-26,9.95
47989,2014-08-27,9.25
47990,2014-08-28,8.700000000000001
47991,2014-08-29,8.3
47992,2014-08-30,9.350000000000001
47993,2014-08-31,8.7
47994,2014-09-01,8.6
47995,2014-09-02,9.05
47996,2014-09-03,7.85
47997,2014-09-04,7.449999999999999
47998,2014-09-05,7.8999999999999995
47999,2014-09-06,7.05
48000,2014-09-07,7.55
48001,2014-09-08,9.6
48002,2014-09-09,10.9
48003,2014-09-10,12.7
48004,2014-09-11,10.85
48005,2014-09-12,8.55
48006,2014-09-13,11.05
48007,2014-09-14,9.049999999999999
48008,2014-09-15,10.049999999999999
48009,2014-09-16,12.9
48010,2014-09-17,11.2
48011,2014-09-18,7.7
48012,2014-09-19,5.9
48013,2014-09-20,8.25
48014,2014-09-21,10.799999999999999
48015,2014-09-22,13.700000000000001
48016,2014-09-23,12.0
48017,2014-09-24,11.2
48018,2014-09-25,15.1
48019,2014-09-26,9.5
48020,2014-09-27,11.149999999999999
48021,2014-09-28,10.95
48022,2014-09-29,16.450000000000003
48023,2014-09-30,13.35
48024,2014-10-01,10.85
48025,2014-10-02,9.0
48026,2014-10-03,10.1
48027,2014-10-04,16.3
48028,2014-10-05,15.6
48029,2014-10-06,17.400000000000002
48030,2014-10-07,15.4
48031,2014-10-08,10.9
48032,2014-10-09,11.2
48033,2014-10-10,11.25
48034,2014-10-11,14.850000000000001
48035,2014-10-12,16.05
48036,2014-10-13,17.4
48037,2014-10-14,7.449999999999999
48038,2014-10-15,11.1
48039,2014-10-16,8.200000000000001
48040,2014-10-17,9.100000000000001
48041,2014-10-18,10.5
48042,2014-10-19,13.8
48043,2014-10-20,12.0
48044,2014-10-21,13.55
48045,2014-10-22,17.299999999999997
48046,2014-10-23,17.75
48047,2014-10-24,19.049999999999997
48048,2014-10-25,18.9
48049,2014-10-26,18.6
48050,2014-10-27,16.55
48051,2014-10-28,13.5
48052,2014-10-29,15.45
48053,2014-10-30,15.45
48054,2014-10-31,18.55
48055,2014-11-01,20.55
48056,2014-11-02,12.3
48057,2014-11-03,12.950000000000001
48058,2014-11-04,17.8
48059,2014-11-05,18.25
48060,2014-11-06,18.1
48061,2014-11-07,16.349999999999998
48062,2014-11-08,17.75
48063,2014-11-09,20.5
48064,2014-11-10,21.6
48065,2014-11-11,17.65
48066,2014-11-12,18.75
48067,2014-11-13,20.5
48068,2014-11-14,23.400000000000002
48069,2014-11-15,21.95
48070,2014-11-16,15.95
48071,2014-11-17,16.450000000000003
48072,2014-11-18,15.399999999999999
48073,2014-11-19,20.4
48074,2014-11-20,19.4
48075,2014-11-21,21.4
48076,2014-11-22,22.15
48077,2014-11-23,25.1
48078,2014-11-24,22.6
48079,2014-11-25,19.799999999999997
48080,2014-11-26,16.6
48081,2014-11-27,20.049999999999997
48082,2014-11-28,16.6
48083,2014-11-29,19.8
48084,2014-11-30,20.7
48085,2014-12-01,22.150000000000002
48086,2014-12-02,23.4
48087,2014-12-03,22.65
48088,2014-12-04,21.35
48089,2014-12-05,20.9
48090,2014-12-06,19.200000000000003
48091,2014-12-07,18.95
48092,2014-12-08,20.05
48093,2014-12-09,22.7
48094,2014-12-10,22.3
48095,2014-12-11,18.8
48096,2014-12-12,16.9
48097,2014-12-13,17.25
48098,2014-12-14,17.650000000000002
48099,2014-12-15,20.2
48100,2014-12-16,24.4
48101,2014-12-17,20.15
48102,2014-12-18,18.5
48103,2014-12-19,16.95
48104,2014-12-20,19.049999999999997
48105,2014-12-21,21.3
48106,2014-12-22,22.55
48107,2014-12-23,22.7
48108,2014-12-24,21.049999999999997
48109,2014-12-25,21.9
48110,2014-12-26,19.8
48111,2014-12-27,17.15
48112,2014-12-28,18.2
48113,2014-12-29,20.45
48114,2014-12-30,18.0
48115,2014-12-31,18.55
48116,2015-01-01,24.4
48117,2015-01-02,23.3
48118,2015-01-03,24.5
48119,2015-01-04,24.7
48120,2015-01-05,21.55
48121,2015-01-06,23.200000000000003
48122,2015-01-07,22.6
48123,2015-01-08,24.4
48124,2015-01-09,25.25
48125,2015-01-10,22.65
48126,2015-01-11,19.5
48127,2015-01-12,19.95
48128,2015-01-13,18.75
48129,2015-01-14,21.65
48130,2015-01-15,18.9
48131,2015-01-16,18.85
48132,2015-01-17,20.5
48133,2015-01-18,18.15
48134,2015-01-19,17.85
48135,2015-01-20,18.55
48136,2015-01-21,22.35
48137,2015-01-22,22.15
48138,2015-01-23,23.4
48139,2015-01-24,23.9
48140,2015-01-25,21.65
48141,2015-01-26,17.799999999999997
48142,2015-01-27,16.05
48143,2015-01-28,18.1
48144,2015-01-29,15.75
48145,2015-01-30,14.45
48146,2015-01-31,15.85
48147,2015-02-01,18.25
48148,2015-02-02,17.9
48149,2015-02-03,16.2
48150,2015-02-04,16.0
48151,2015-02-05,17.700000000000003
48152,2015-02-06,18.25
48153,2015-02-07,19.85
48154,2015-02-08,23.7
48155,2015-02-09,18.450000000000003
48156,2015-02-10,22.2
48157,2015-02-11,23.049999999999997
48158,2015-02-12,21.75
48159,2015-02-13,21.4
48160,2015-02-14,19.4
48161,2015-02-15,21.55
48162,2015-02-16,22.15
48163,2015-02-17,24.05
48164,2015-02-18,21.35
48165,2015-02-19,21.75
48166,2015-02-20,21.5
48167,2015-02-21,21.8
48168,2015-02-22,21.5
48169,2015-02-23,23.2
48170,2015-02-24,20.700000000000003
48171,2015-02-25,18.8
48172,2015-02-26,20.75
48173,2015-02-27,20.35
48174,2015-02-28,23.05
48175,2015-03-01,21.9
48176,2015-03-02,
48177,2015-03-03,20.8
48178,2015-03-04,22.15
48179,2015-03-05,18.25
48180,2015-03-06,15.3
48181,2015-03-07,16.0
48182,2015-03-08,20.700000000000003
48183,2015-03-09,19.2
48184,2015-03-10,18.6
48185,2015-03-11,22.45
48186,2015-03-12,20.700000000000003
48187,2015-03-13,17.45
48188,2015-03-14,16.55
48189,2015-03-15,18.35
48190,2015-03-16,14.25
48191,2015-03-17,16.35
48192,2015-03-18,21.05
48193,2015-03-19,20.1
48194,2015-03-20,21.6
48195,2015-03-21,14.85
48196,2015-03-22,17.9
48197,2015-03-23,19.3
48198,2015-03-24,18.95
48199,2015-03-25,14.100000000000001
48200,2015-03-26,14.649999999999999
48201,2015-03-27,13.850000000000001
48202,2015-03-28,11.700000000000001
48203,2015-03-29,13.3
48204,2015-03-30,13.25
48205,2015-03-31,16.65
48206,2015-04-01,16.6
48207,2015-04-02,18.6
48208,2015-04-03,14.1
48209,2015-04-04,14.200000000000001
48210,2015-04-05,16.4
48211,2015-04-06,12.3
48212,2015-04-07,10.950000000000001
48213,2015-04-08,10.3
48214,2015-04-09,13.25
48215,2015-04-10,13.700000000000001
48216,2015-04-11,14.15
48217,2015-04-12,14.5
48218,2015-04-13,13.55
48219,2015-04-14,13.45
48220,2015-04-15,14.45
48221,2015-04-16,17.0
48222,2015-04-17,15.95
48223,2015-04-18,16.95
48224,2015-04-19,12.05
48225,2015-04-20,10.75
48226,2015-04-21,10.95
48227,2015-04-22,14.299999999999999
48228,2015-04-23,16.4
48229,2015-04-24,15.0
48230,2015-04-25,10.95
48231,2015-04-26,11.049999999999999
48232,2015-04-27,7.6
48233,2015-04-28,9.6
48234,2015-04-29,9.35
48235,2015-04-30,10.9
48236,2015-05-01,11.0
48237,2015-05-02,13.5
48238,2015-05-03,15.55
48239,2015-05-04,13.65
48240,2015-05-05,12.4
48241,2015-05-06,9.95
48242,2015-05-07,10.75
48243,2015-05-08,10.05
48244,2015-05-09,10.8
48245,2015-05-10,11.399999999999999
48246,2015-05-11,12.5
48247,2015-05-12,11.7
48248,2015-05-13,7.800000000000001
48249,2015-05-14,4.699999999999999
48250,2015-05-15,8.15
48251,2015-05-16,8.75
48252,2015-05-17,7.6499999999999995
48253,2015-05-18,7.85
48254,2015-05-19,9.1
48255,2015-05-20,14.649999999999999
48256,2015-05-21,8.55
48257,2015-05-22,10.8
48258,2015-05-23,6.3
48259,2015-05-24,5.050000000000001
48260,2015-05-25,6.3
48261,2015-05-26,5.35
48262,2015-05-27,8.25
48263,2015-05-28,7.45
48264,2015-05-29,12.100000000000001
48265,2015-05-30,6.1
48266,2015-05-31,7.0
48267,2015-06-01,6.1000000000000005
48268,2015-06-02,2.3499999999999996
48269,2015-06-03,3.8
48270,2015-06-04,2.25
48271,2015-06-05,6.6
48272,2015-06-06,5.0
48273,2015-06-07,5.5
48274,2015-06-08,7.75
48275,2015-06-09,11.45
48276,2015-06-10,5.550000000000001
48277,2015-06-11,5.9
48278,2015-06-12,6.5
48279,2015-06-13,7.1000000000000005
48280,2015-06-14,7.25
48281,2015-06-15,7.8500000000000005
48282,2015-06-16,10.5
48283,2015-06-17,11.55
48284,2015-06-18,7.449999999999999
48285,2015-06-19,6.699999999999999
48286,2015-06-20,4.5
48287,2015-06-21,4.55
48288,2015-06-22,4.25
48289,2015-06-23,5.7
48290,2015-06-24,9.6
48291,2015-06-25,8.55
48292,2015-06-26,6.7
48293,2015-06-27,4.65
48294,2015-06-28,6.699999999999999
48295,2015-06-29,6.75
48296,2015-06-30,4.8
48297,2015-07-01,2.95
48298,2015-07-02,5.0
48299,2015-07-03,1.75
48300,2015-07-04,1.9000000000000004
48301,2015-07-05,1.2999999999999998
48302,2015-07-06,4.3999999999999995
48303,2015-07-07,3.4
48304,2015-07-08,4.8
48305,2015-07-09,6.25
48306,2015-07-10,4.7
48307,2015-07-11,8.05
48308,2015-07-12,6.1499999999999995
48309,2015-07-13,8.6
48310,2015-07-14,7.05
48311,2015-07-15,4.5
48312,2015-07-16,5.15
48313,2015-07-17,7.5
48314,2015-07-18,4.05
48315,2015-07-19,3.8500000000000005
48316,2015-07-20,4.699999999999999
48317,2015-07-21,4.8
48318,2015-07-22,4.8999999999999995
48319,2015-07-23,7.550000000000001
48320,2015-07-24,6.05
48321,2015-07-25,8.9
48322,2015-07-26,9.0
48323,2015-07-27,6.45
48324,2015-07-28,4.45
48325,2015-07-29,4.800000000000001
48326,2015-07-30,4.9
48327,2015-07-31,8.75
48328,2015-08-01,8.7
48329,2015-08-02,11.0
48330,2015-08-03,7.449999999999999
48331,2015-08-04,1.8000000000000003
48332,2015-08-05,5.05
48333,2015-08-06,6.05
48334,2015-08-07,4.75
48335,2015-08-08,5.2
48336,2015-08-09,4.300000000000001
48337,2015-08-10,8.55
48338,2015-08-11,8.35
48339,2015-08-12,2.0
48340,2015-08-13,6.35
48341,2015-08-14,6.300000000000001
48342,2015-08-15,6.75
48343,2015-08-16,7.9
48344,2015-08-17,7.9
48345,2015-08-18,4.1000000000000005
48346,2015-08-19,4.6
48347,2015-08-20,6.8999999999999995
48348,2015-08-21,7.6
48349,2015-08-22,11.85
48350,2015-08-23,13.6
48351,2015-08-24,9.5
48352,2015-08-25,8.5
48353,2015-08-26,11.05
48354,2015-08-27,11.2
48355,2015-08-28,10.399999999999999
48356,2015-08-29,9.0
48357,2015-08-30,5.8
48358,2015-08-31,6.0
48359,2015-09-01,5.55
48360,2015-09-02,7.0
48361,2015-09-03,8.65
48362,2015-09-04,8.7
48363,2015-09-05,8.399999999999999
48364,2015-09-06,9.600000000000001
48365,2015-09-07,8.75
48366,2015-09-08,8.05
48367,2015-09-09,6.700000000000001
48368,2015-09-10,9.4
48369,2015-09-11,9.45
48370,2015-09-12,10.45
48371,2015-09-13,11.35
48372,2015-09-14,12.2
48373,2015-09-15,11.85
48374,2015-09-16,8.0
48375,2015-09-17,7.9
48376,2015-09-18,10.15
48377,2015-09-19,9.45
48378,2015-09-20,11.600000000000001
48379,2015-09-21,11.35
48380,2015-09-22,10.05
48381,2015-09-23,7.949999999999999
48382,2015-09-24,7.1000000000000005
48383,2015-09-25,7.7
48384,2015-09-26,8.850000000000001
48385,2015-09-27,10.7
48386,2015-09-28,11.799999999999999
48387,2015-09-29,12.3
48388,2015-09-30,11.5
48389,2015-10-01,17.1
48390,2015-10-02,12.899999999999999
48391,2015-10-03,14.65
48392,2015-10-04,17.5
48393,2015-10-05,20.4
48394,2015-10-06,19.3
48395,2015-10-07,13.0
48396,2015-10-08,14.25
48397,2015-10-09,17.35
48398,2015-10-10,16.65
48399,2015-10-11,14.3
48400,2015-10-12,16.35
48401,2015-10-13,16.3
48402,2015-10-14,18.55
48403,2015-10-15,18.1
48404,2015-10-16,19.15
48405,2015-10-17,19.45
48406,2015-10-18,16.55
48407,2015-10-19,19.85
48408,2015-10-20,19.45
48409,2015-10-21,19.4
48410,2015-10-22,15.7
48411,2015-10-23,13.25
48412,2015-10-24,14.950000000000001
48413,2015-10-25,15.6
48414,2015-10-26,17.3
48415,2015-10-27,13.5
48416,2015-10-28,15.25
48417,2015-10-29,15.25
48418,2015-10-30,15.0
48419,2015-10-31,15.7
48420,2015-11-01,17.1
48421,2015-11-02,19.7
48422,2015-11-03,17.55
48423,2015-11-04,17.35
48424,2015-11-05,17.9
48425,2015-11-06,19.2
48426,2015-11-07,16.4
48427,2015-11-08,15.45
48428,2015-11-09,18.75
48429,2015-11-10,20.2
48430,2015-11-11,15.95
48431,2015-11-12,18.2
48432,2015-11-13,17.950000000000003
48433,2015-11-14,13.45
48434,2015-11-15,15.9
48435,2015-11-16,14.100000000000001
48436,2015-11-17,16.75
48437,2015-11-18,19.8
48438,2015-11-19,22.7
48439,2015-11-20,24.6
48440,2015-11-21,20.85
48441,2015-11-22,19.4
48442,2015-11-23,17.05
48443,2015-11-24,17.15
48444,2015-11-25,17.75
48445,2015-11-26,21.6
48446,2015-11-27,11.7
48447,2015-11-28,18.299999999999997
48448,2015-11-29,21.65
48449,2015-11-30,18.15
48450,2015-12-01,22.7
48451,2015-12-02,17.6
48452,2015-12-03,16.7
48453,2015-12-04,18.8
48454,2015-12-05,20.05
48455,2015-12-06,21.950000000000003
48456,2015-12-07,22.25
48457,2015-12-08,22.5
48458,2015-12-09,23.9
48459,2015-12-10,21.9
48460,2015-12-11,19.1
48461,2015-12-12,14.950000000000001
48462,2015-12-13,17.5
48463,2015-12-14,19.35
48464,2015-12-15,21.35
48465,2015-12-16,20.05
48466,2015-12-17,20.3
48467,2015-12-18,23.6
48468,2015-12-19,25.849999999999998
48469,2015-12-20,26.6
48470,2015-12-21,23.6
48471,2015-12-22,19.45
48472,2015-12-23,19.5
48473,2015-12-24,18.55
48474,2015-12-25,18.95
48475,2015-12-26,16.9
48476,2015-12-27,17.5
48477,2015-12-28,15.55
48478,2015-12-29,19.7
48479,2015-12-30,20.9
48480,2015-12-31,22.7
48481,2016-01-01,24.95
48482,2016-01-02,22.25
48483,2016-01-03,19.95
48484,2016-01-04,17.15
48485,2016-01-05,15.55
48486,2016-01-06,17.2
48487,2016-01-07,18.05
48488,2016-01-08,18.75
48489,2016-01-09,22.4
48490,2016-01-10,24.75
48491,2016-01-11,25.650000000000002
48492,2016-01-12,28.299999999999997
48493,2016-01-13,26.25
48494,2016-01-14,27.9
48495,2016-01-15,15.3
48496,2016-01-16,14.3
48497,2016-01-17,16.55
48498,2016-01-18,21.6
48499,2016-01-19,23.15
48500,2016-01-20,25.5
48501,2016-01-21,25.05
48502,2016-01-22,23.2
48503,2016-01-23,22.9
48504,2016-01-24,22.75
48505,2016-01-25,22.200000000000003
48506,2016-01-26,20.75
48507,2016-01-27,19.85
48508,2016-01-28,22.2
48509,2016-01-29,19.45
48510,2016-01-30,19.5
48511,2016-01-31,16.05
48512,2016-02-01,17.05
48513,2016-02-02,17.9
48514,2016-02-03,20.7
48515,2016-02-04,19.25
48516,2016-02-05,17.2
48517,2016-02-06,18.7
48518,2016-02-07,19.45
48519,2016-02-08,21.5
48520,2016-02-09,21.65
48521,2016-02-10,21.549999999999997
48522,2016-02-11,22.25
48523,2016-02-12,21.55
48524,2016-02-13,23.349999999999998
48525,2016-02-14,24.1
48526,2016-02-15,21.9
48527,2016-02-16,18.05
48528,2016-02-17,17.450000000000003
48529,2016-02-18,18.6
48530,2016-02-19,22.75
48531,2016-02-20,22.5
48532,2016-02-21,22.75
48533,2016-02-22,23.05
48534,2016-02-23,24.85
48535,2016-02-24,25.299999999999997
48536,2016-02-25,26.5
48537,2016-02-26,24.0
48538,2016-02-27,20.0
48539,2016-02-28,21.85
48540,2016-02-29,21.65
48541,2016-03-01,22.8
48542,2016-03-02,23.95
48543,2016-03-03,23.900000000000002
48544,2016-03-04,23.4
48545,2016-03-05,24.9
48546,2016-03-06,23.65
48547,2016-03-07,24.099999999999998
48548,2016-03-08,23.6
48549,2016-03-09,22.5
48550,2016-03-10,23.75
48551,2016-03-11,21.4
48552,2016-03-12,23.15
48553,2016-03-13,23.55
48554,2016-03-14,24.55
48555,2016-03-15,19.95
48556,2016-03-16,20.05
48557,2016-03-17,21.0
48558,2016-03-18,16.8
48559,2016-03-19,13.15
48560,2016-03-20,14.25
48561,2016-03-21,14.7
48562,2016-03-22,14.45
48563,2016-03-23,15.4
48564,2016-03-24,16.05
48565,2016-03-25,18.85
48566,2016-03-26,18.7
48567,2016-03-27,18.95
48568,2016-03-28,19.25
48569,2016-03-29,18.7
48570,2016-03-30,18.7
48571,2016-03-31,15.65
48572,2016-04-01,15.85
48573,2016-04-02,19.0
48574,2016-04-03,18.6
48575,2016-04-04,19.5
48576,2016-04-05,20.05
48577,2016-04-06,23.55
48578,2016-04-07,15.7
48579,2016-04-08,13.85
48580,2016-04-09,13.95
48581,2016-04-10,14.25
48582,2016-04-11,13.5
48583,2016-04-12,17.75
48584,2016-04-13,17.05
48585,2016-04-14,17.1
48586,2016-04-15,16.65
48587,2016-04-16,16.6
48588,2016-04-17,14.7
48589,2016-04-18,13.0
48590,2016-04-19,14.15
48591,2016-04-20,16.1
48592,2016-04-21,17.15
48593,2016-04-22,15.75
48594,2016-04-23,14.9
48595,2016-04-24,13.4
48596,2016-04-25,13.299999999999999
48597,2016-04-26,12.85
48598,2016-04-27,12.9
48599,2016-04-28,14.899999999999999
48600,2016-04-29,17.15
48601,2016-04-30,18.85
48602,2016-05-01,15.5
48603,2016-05-02,10.350000000000001
48604,2016-05-03,12.7
48605,2016-05-04,14.7
48606,2016-05-05,9.85
48607,2016-05-06,11.9
48608,2016-05-07,12.649999999999999
48609,2016-05-08,12.850000000000001
48610,2016-05-09,14.600000000000001
48611,2016-05-10,14.75
48612,2016-05-11,10.45
48613,2016-05-12,12.450000000000001
48614,2016-05-13,15.75
48615,2016-05-14,10.2
48616,2016-05-15,13.25
48617,2016-05-16,10.8
48618,2016-05-17,14.65
48619,2016-05-18,7.6499999999999995
48620,2016-05-19,9.15
48621,2016-05-20,15.1
48622,2016-05-21,10.55
48623,2016-05-22,11.399999999999999
48624,2016-05-23,11.8
48625,2016-05-24,10.35
48626,2016-05-25,7.0
48627,2016-05-26,9.15
48628,2016-05-27,9.5
48629,2016-05-28,6.55
48630,2016-05-29,4.3
48631,2016-05-30,6.6
48632,2016-05-31,6.8
48633,2016-06-01,10.0
48634,2016-06-02,9.850000000000001
48635,2016-06-03,8.85
48636,2016-06-04,11.6
48637,2016-06-05,13.600000000000001
48638,2016-06-06,11.55
48639,2016-06-07,9.2
48640,2016-06-08,9.899999999999999
48641,2016-06-09,12.55
48642,2016-06-10,10.55
48643,2016-06-11,10.149999999999999
48644,2016-06-12,4.05
48645,2016-06-13,5.0
48646,2016-06-14,5.85
48647,2016-06-15,4.6
48648,2016-06-16,5.65
48649,2016-06-17,7.45
48650,2016-06-18,11.4
48651,2016-06-19,11.05
48652,2016-06-20,11.05
48653,2016-06-21,10.0
48654,2016-06-22,9.8
48655,2016-06-23,9.65
48656,2016-06-24,6.85
48657,2016-06-25,3.7499999999999996
48658,2016-06-26,1.4500000000000002
48659,2016-06-27,5.0
48660,2016-06-28,3.65
48661,2016-06-29,4.25
48662,2016-06-30,2.0999999999999996
48663,2016-07-01,5.6
48664,2016-07-02,4.75
48665,2016-07-03,3.85
48666,2016-07-04,3.0
48667,2016-07-05,4.15
48668,2016-07-06,7.8500000000000005
48669,2016-07-07,10.4
48670,2016-07-08,8.0
48671,2016-07-09,8.35
48672,2016-07-10,7.8500000000000005
48673,2016-07-11,10.6
48674,2016-07-12,8.95
48675,2016-07-13,3.8499999999999996
48676,2016-07-14,5.8999999999999995
48677,2016-07-15,5.0
48678,2016-07-16,6.550000000000001
48679,2016-07-17,8.65
48680,2016-07-18,7.9
48681,2016-07-19,12.75
48682,2016-07-20,12.75
48683,2016-07-21,11.7
48684,2016-07-22,13.25
48685,2016-07-23,7.550000000000001
48686,2016-07-24,3.1
48687,2016-07-25,7.050000000000001
48688,2016-07-26,7.35
48689,2016-07-27,8.2
48690,2016-07-28,7.0
48691,2016-07-29,4.7
48692,2016-07-30,5.45
48693,2016-07-31,9.1
48694,2016-08-01,9.9
48695,2016-08-02,7.9
48696,2016-08-03,7.25
48697,2016-08-04,6.6000000000000005
48698,2016-08-05,7.25
48699,2016-08-06,5.55
48700,2016-08-07,6.55
48701,2016-08-08,5.8
48702,2016-08-09,7.25
48703,2016-08-10,10.399999999999999
48704,2016-08-11,8.75
48705,2016-08-12,3.0999999999999996
48706,2016-08-13,8.5
48707,2016-08-14,7.300000000000001
48708,2016-08-15,6.6
48709,2016-08-16,7.949999999999999
48710,2016-08-17,8.3
48711,2016-08-18,8.299999999999999
48712,2016-08-19,9.2
48713,2016-08-20,7.25
48714,2016-08-21,8.35
48715,2016-08-22,7.1
48716,2016-08-23,8.899999999999999
48717,2016-08-24,8.149999999999999
48718,2016-08-25,6.6499999999999995
48719,2016-08-26,5.6499999999999995
48720,2016-08-27,4.949999999999999
48721,2016-08-28,7.75
48722,2016-08-29,7.699999999999999
48723,2016-08-30,11.299999999999999
48724,2016-08-31,12.5
48725,2016-09-01,10.5
48726,2016-09-02,8.05
48727,2016-09-03,11.85
48728,2016-09-04,9.4
48729,2016-09-05,9.649999999999999
48730,2016-09-06,10.0
48731,2016-09-07,10.9
48732,2016-09-08,13.45
48733,2016-09-09,11.299999999999999
48734,2016-09-10,11.9
48735,2016-09-11,9.25
48736,2016-09-12,8.950000000000001
48737,2016-09-13,11.6
48738,2016-09-14,14.2
48739,2016-09-15,9.45
48740,2016-09-16,11.25
48741,2016-09-17,8.7
48742,2016-09-18,8.75
48743,2016-09-19,10.5
48744,2016-09-20,8.15
48745,2016-09-21,9.2
48746,2016-09-22,10.9
48747,2016-09-23,11.85
48748,2016-09-24,10.95
48749,2016-09-25,14.25
48750,2016-09-26,8.9
48751,2016-09-27,8.8
48752,2016-09-28,7.8999999999999995
48753,2016-09-29,9.8
48754,2016-09-30,8.5
48755,2016-10-01,10.3
48756,2016-10-02,12.35
48757,2016-10-03,10.8
48758,2016-10-04,10.25
48759,2016-10-05,9.1
48760,2016-10-06,14.5
48761,2016-10-07,15.25
48762,2016-10-08,13.7
48763,2016-10-09,9.399999999999999
48764,2016-10-10,12.4
48765,2016-10-11,9.7
48766,2016-10-12,7.55
48767,2016-10-13,8.95
48768,2016-10-14,9.299999999999999
48769,2016-10-15,10.5
48770,2016-10-16,16.3
48771,2016-10-17,12.9
48772,2016-10-18,11.35
48773,2016-10-19,10.3
48774,2016-10-20,10.45
48775,2016-10-21,11.5
48776,2016-10-22,12.100000000000001
48777,2016-10-23,8.549999999999999
48778,2016-10-24,8.6
48779,2016-10-25,10.95
48780,2016-10-26,16.25
48781,2016-10-27,15.1
48782,2016-10-28,13.75
48783,2016-10-29,17.5
48784,2016-10-30,16.299999999999997
48785,2016-10-31,11.05
48786,2016-11-01,8.4
48787,2016-11-02,12.55
48788,2016-11-03,12.75
48789,2016-11-04,14.05
48790,2016-11-05,14.600000000000001
48791,2016-11-06,13.25
48792,2016-11-07,15.9
48793,2016-11-08,18.25
48794,2016-11-09,18.25
48795,2016-11-10,17.3
48796,2016-11-11,17.3
48797,2016-11-12,20.55
48798,2016-11-13,14.350000000000001
48799,2016-11-14,13.850000000000001
48800,2016-11-15,12.3
48801,2016-11-16,15.25
48802,2016-11-17,18.25
48803,2016-11-18,19.55
48804,2016-11-19,21.4
48805,2016-11-20,22.25
48806,2016-11-21,22.3
48807,2016-11-22,21.55
48808,2016-11-23,16.9
48809,2016-11-24,11.85
48810,2016-11-25,14.5
48811,2016-11-26,16.3
48812,2016-11-27,17.85
48813,2016-11-28,21.2
48814,2016-11-29,17.95
48815,2016-11-30,20.25
48816,2016-12-01,20.45
48817,2016-12-02,19.4
48818,2016-12-03,21.299999999999997
48819,2016-12-04,21.7
48820,2016-12-05,24.549999999999997
48821,2016-12-06,20.0
48822,2016-12-07,17.9
48823,2016-12-08,20.7
48824,2016-12-09,16.3
48825,2016-12-10,16.25
48826,2016-12-11,20.4
48827,2016-12-12,23.25
48828,2016-12-13,22.25
48829,2016-12-14,25.1
48830,2016-12-15,13.8
48831,2016-12-16,16.200000000000003
48832,2016-12-17,20.7
48833,2016-12-18,18.15
48834,2016-12-19,18.8
48835,2016-12-20,20.25
48836,2016-12-21,18.8
48837,2016-12-22,20.6
48838,2016-12-23,23.2
48839,2016-12-24,23.3
48840,2016-12-25,21.1
48841,2016-12-26,22.75
48842,2016-12-27,25.15
48843,2016-12-28,24.1
48844,2016-12-29,25.85
48845,2016-12-30,26.549999999999997
48846,2016-12-31,25.2
48847,2017-01-01,20.2
48848,2017-01-02,22.799999999999997
48849,2017-01-03,20.1
48850,2017-01-04,18.05
48851,2017-01-05,20.549999999999997
48852,2017-01-06,22.55
48853,2017-01-07,22.1
48854,2017-01-08,23.55
48855,2017-01-09,27.5
48856,2017-01-10,25.75
48857,2017-01-11,26.05
48858,2017-01-12,24.0
48859,2017-01-13,28.4
48860,2017-01-14,24.6
48861,2017-01-15,21.35
48862,2017-01-16,26.05
48863,2017-01-17,25.6
48864,2017-01-18,27.05
48865,2017-01-19,19.0
48866,2017-01-20,22.05
48867,2017-01-21,19.85
48868,2017-01-22,23.65
48869,2017-01-23,25.4
48870,2017-01-24,27.65
48871,2017-01-25,21.65
48872,2017-01-26,24.0
48873,2017-01-27,23.55
48874,2017-01-28,24.9
48875,2017-01-29,25.4
48876,2017-01-30,27.3
48877,2017-01-31,28.8
48878,2017-02-01,19.9
48879,2017-02-02,20.95
48880,2017-02-03,21.95
48881,2017-02-04,23.5
48882,2017-02-05,25.4
48883,2017-02-06,27.2
48884,2017-02-07,20.75
48885,2017-02-08,21.05
48886,2017-02-09,26.75
48887,2017-02-10,29.7
48888,2017-02-11,30.450000000000003
48889,2017-02-12,25.75
48890,2017-02-13,16.349999999999998
48891,2017-02-14,20.45
48892,2017-02-15,19.8
48893,2017-02-16,22.4
48894,2017-02-17,23.15
48895,2017-02-18,19.75
48896,2017-02-19,14.55
48897,2017-02-20,14.5
48898,2017-02-21,14.9
48899,2017-02-22,21.15
48900,2017-02-23,23.45
48901,2017-02-24,24.25
48902,2017-02-25,18.5
48903,2017-02-26,17.65
48904,2017-02-27,18.25
48905,2017-02-28,19.1
48906,2017-03-01,20.4
48907,2017-03-02,20.5
48908,2017-03-03,21.4
48909,2017-03-04,21.15
48910,2017-03-05,20.25
48911,2017-03-06,18.35
48912,2017-03-07,17.799999999999997
48913,2017-03-08,15.2
48914,2017-03-09,17.4
48915,2017-03-10,17.7
48916,2017-03-11,19.6
48917,2017-03-12,21.6
48918,2017-03-13,20.95
48919,2017-03-14,18.5
48920,2017-03-15,21.2
48921,2017-03-16,22.549999999999997
48922,2017-03-17,19.5
48923,2017-03-18,18.5
48924,2017-03-19,20.95
48925,2017-03-20,22.6
48926,2017-03-21,20.95
48927,2017-03-22,21.6
48928,2017-03-23,16.25
48929,2017-03-24,18.0
48930,2017-03-25,16.2
48931,2017-03-26,19.2
48932,2017-03-27,21.35
48933,2017-03-28,21.6
48934,2017-03-29,17.95
48935,2017-03-30,16.75
48936,2017-03-31,13.7
48937,2017-04-01,13.95
48938,2017-04-02,14.75
48939,2017-04-03,11.45
48940,2017-04-04,12.2
48941,2017-04-05,11.45
48942,2017-04-06,12.7
48943,2017-04-07,12.35
48944,2017-04-08,13.75
48945,2017-04-09,12.75
48946,2017-04-10,10.4
48947,2017-04-11,12.899999999999999
48948,2017-04-12,13.05
48949,2017-04-13,12.2
48950,2017-04-14,12.3
48951,2017-04-15,12.75
48952,2017-04-16,11.0
48953,2017-04-17,14.4
48954,2017-04-18,17.3
48955,2017-04-19,15.35
48956,2017-04-20,14.649999999999999
48957,2017-04-21,13.649999999999999
48958,2017-04-22,16.35
48959,2017-04-23,13.65
48960,2017-04-24,15.299999999999999
48961,2017-04-25,13.899999999999999
48962,2017-04-26,12.25
48963,2017-04-27,8.3
48964,2017-04-28,7.35
48965,2017-04-29,7.8500000000000005
48966,2017-04-30,11.0
48967,2017-05-01,10.7
48968,2017-05-02,10.6
48969,2017-05-03,8.65
48970,2017-05-04,8.75
48971,2017-05-05,10.700000000000001
48972,2017-05-06,9.55
48973,2017-05-07,9.7
48974,2017-05-08,5.3999999999999995
48975,2017-05-09,8.35
48976,2017-05-10,8.25
48977,2017-05-11,8.55
48978,2017-05-12,7.8
48979,2017-05-13,11.149999999999999
48980,2017-05-14,11.45
48981,2017-05-15,10.200000000000001
48982,2017-05-16,8.55
48983,2017-05-17,7.9
48984,2017-05-18,11.850000000000001
48985,2017-05-19,12.850000000000001
48986,2017-05-20,13.3
48987,2017-05-21,8.95
48988,2017-05-22,9.15
48989,2017-05-23,9.350000000000001
48990,2017-05-24,10.7
48991,2017-05-25,6.65
48992,2017-05-26,8.2
48993,2017-05-27,8.35
48994,2017-05-28,7.15
48995,2017-05-29,7.5
48996,2017-05-30,4.05
48997,2017-05-31,5.15
48998,2017-06-01,4.4
48999,2017-06-02,3.9000000000000004
49000,2017-06-03,5.6
49001,2017-06-04,5.300000000000001
49002,2017-06-05,4.449999999999999
49003,2017-06-06,4.800000000000001
49004,2017-06-07,9.1
49005,2017-06-08,11.45
49006,2017-06-09,9.5
49007,2017-06-10,9.6
49008,2017-06-11,7.95
49009,2017-06-12,6.75
49010,2017-06-13,6.35
49011,2017-06-14,6.1000000000000005
49012,2017-06-15,3.5500000000000003
49013,2017-06-16,4.75
49014,2017-06-17,7.95
49015,2017-06-18,7.9
49016,2017-06-19,6.05
49017,2017-06-20,5.2
49018,2017-06-21,6.1499999999999995
49019,2017-06-22,6.75
49020,2017-06-23,5.2
49021,2017-06-24,7.25
49022,2017-06-25,5.1
